Rk,Player,Pos,Age,Tm,G,MP,PER,TS%,3PAr,FTr,ORB%,DRB%,TRB%,AST%,STL%,BLK%,TOV%,USG%,OWS,DWS,WS,WS/48,OBPM,DBPM,BPM,VORP
1,Álex Abrines\abrinal01,SG,24,OKC,75,1134,9,0.567,0.759,0.158,2.5,8.9,5.6,3.4,1.7,0.6,7.4,12.7,1.3,1,2.2,0.094,-1.9,0.4,-1.5,0.1
2,Quincy Acy\acyqu01,PF,27,BRK,70,1359,8.2,0.525,0.8,0.164,3.1,17.1,10,6,1.2,1.6,13.3,14.4,-0.1,1.1,1,0.036,-2.6,0.1,-2.5,-0.2
3,Steven Adams\adamsst01,C,24,OKC,76,2487,20.6,0.63,0.003,0.402,16.6,13.9,15.3,5.5,1.8,2.8,13.3,16.7,6.7,3,9.7,0.187,1.7,-0.6,1.1,2
4,Bam Adebayo\adebaba01,C,20,MIA,69,1368,15.7,0.57,0.021,0.526,9.7,21.6,15.6,11,1.2,2.5,13.6,15.9,2.3,1.9,4.2,0.148,-1.1,0.7,-0.4,0.6
5,Arron Afflalo\afflaar01,SG,32,ORL,53,682,5.8,0.516,0.432,0.16,0.6,10.1,5.3,6.2,0.3,1.1,10.8,12.5,-0.1,0.2,0.1,0.009,-3.8,-1.5,-5.4,-0.6
6,Cole Aldrich\aldrico01,C,29,MIN,21,49,6,0.34,0,0.4,7,28.6,17.6,8.2,2,1.8,5.4,16.8,-0.1,0.1,0,-0.013,-6.8,-0.7,-7.5,-0.1
7,LaMarcus Aldridge\aldrila01,C,32,SAS,75,2509,25,0.57,0.068,0.296,10.8,17.3,14,11.3,0.9,3,6.8,29.1,7.4,3.5,10.9,0.209,4.3,-0.4,3.9,3.7
8,Jarrett Allen\allenja01,C,19,BRK,72,1441,17.5,0.636,0.038,0.37,10.5,18.1,14.3,5.4,0.9,4.6,15.1,16.3,2.7,1.5,4.2,0.141,-0.9,0.1,-0.8,0.5
9,Kadeem Allen\allenka01,PG,25,BOS,18,107,2.6,0.366,0.5,0.409,4.1,7.1,5.6,15.2,1.4,1.6,25.7,14.6,-0.2,0.1,-0.1,-0.038,-8.3,0.6,-7.7,-0.2
10,Tony Allen\allento01,SF,36,NOP,22,273,8.7,0.514,0.132,0.231,8.2,10.4,9.3,4.6,1.9,0.9,15.9,18.9,-0.2,0.2,0.1,0.017,-5.2,-0.3,-5.5,-0.2
11,Al-Farouq Aminu\aminual01,PF,27,POR,69,2072,12,0.522,0.582,0.137,5.2,22.3,13.8,5.8,1.9,1.6,11.3,14.8,0.9,3.2,4.2,0.097,-0.7,1.1,0.4,1.3
12,Justin Anderson\anderju01,SF,24,PHI,38,519,13,0.54,0.51,0.188,5.4,13.6,9.6,7.1,1.4,1.1,6.8,19.3,0.6,0.7,1.2,0.115,-0.6,-0.3,-0.9,0.1
13,Kyle Anderson\anderky01,SF,24,SAS,74,1978,15.9,0.582,0.13,0.333,4.7,17.6,11.1,14.7,2.9,2.5,15.8,13.5,2.4,3.8,6.2,0.151,-0.4,3.3,2.9,2.4
14,Ryan Anderson\anderry01,PF,29,HOU,66,1725,12.6,0.592,0.706,0.194,6.2,15.4,10.8,5.1,0.7,1,7.5,14.4,3.1,1.7,4.8,0.132,0.9,-0.8,0.1,0.9
15,Ike Anigbogu\anigbik01,C,19,IND,11,30,21.6,0.558,0,0.667,19,15,16.9,0,1.7,8.9,14.7,20.3,0.1,0,0.1,0.165,1.8,0.1,1.9,0
16,Giannis Antetokounmpo\antetgi01,PF,23,MIL,75,2756,27.3,0.598,0.1,0.457,6.7,25.3,16,23.7,2,3.3,11.7,31.2,8.3,3.6,11.9,0.207,5.3,0.9,6.2,5.7
17,Carmelo Anthony\anthoca01,PF,33,OKC,78,2501,12.7,0.503,0.406,0.165,2.9,17.7,10,6.5,0.9,1.8,7.3,23.2,1.2,2.5,3.7,0.071,-0.6,-1.3,-1.9,0
18,OG Anunoby\anunoog01,SF,20,TOR,74,1481,10,0.587,0.569,0.179,3.4,10.4,7,5,1.7,0.8,10.8,12.4,1.4,1.6,3,0.098,-1.2,0.6,-0.6,0.5
19,Ryan Arcidiacono\arcidry01,PG,23,CHI,24,304,7.3,0.55,0.756,0.146,0.3,8.8,4.4,15.5,2.1,0,23,8.1,0.1,0.2,0.3,0.04,-4.7,0.6,-4.1,-0.2
20,Trevor Ariza\arizatr01,SF,32,HOU,67,2269,11.8,0.567,0.71,0.137,1.7,12.9,7.3,6.8,2.1,0.5,7,14.4,2.6,2.8,5.3,0.113,0,0.7,0.7,1.5
21,Darrell Arthur\arthuda01,PF,29,DEN,19,141,8.4,0.559,0.489,0.064,2.4,9.5,6,9.3,2.8,1.8,23.7,19.5,-0.2,0.1,0,-0.011,-4.8,-0.5,-5.3,-0.1
22,Jamel Artis\artisja01,SG,25,ORL,15,279,6.9,0.457,0.367,0.152,1.6,13.5,7.5,9.3,0.4,0.9,8.7,14.5,-0.1,0.1,0,-0.006,-3.8,-1.6,-5.4,-0.2
23,Ömer Aşık\asikom01,C,31,TOT,18,182,3.1,0.397,0,0.591,5.5,22.2,14,2.1,0.5,1.9,24.5,8.7,-0.2,0.2,-0.1,-0.021,-6.5,-1.5,-8,-0.3
23,Ömer Aşık\asikom01,C,31,NOP,14,121,4.5,0.423,0,0.75,6.5,26,16.6,2,0.4,1.3,19,9.4,-0.1,0.1,0,0.008,-5.6,-1.4,-7,-0.2
23,Ömer Aşık\asikom01,C,31,CHI,4,61,0.2,0.311,0,0.167,3.4,14.6,8.8,2.1,0.8,2.9,38.3,7.4,-0.1,0,-0.1,-0.078,-8.5,-1.5,-10,-0.1
24,D.J. Augustin\augusdj01,PG,30,ORL,75,1760,15.4,0.615,0.504,0.35,1.9,8.2,5,24.4,1.5,0,16.5,18.6,3.3,0.8,4.1,0.11,1,-1.2,-0.2,0.8
25,Luke Babbitt\babbilu01,SF,28,TOT,50,715,9.8,0.576,0.726,0.102,1.1,13.9,7.5,6.5,0.5,0.8,7.8,15,0.5,0.4,0.9,0.06,-0.9,-1.5,-2.4,-0.1
25,Luke Babbitt\babbilu01,SF,28,ATL,37,570,12,0.636,0.661,0.131,1,14.9,7.9,7,0.6,0.8,7.8,14.8,0.9,0.3,1.1,0.094,0.4,-1.1,-0.7,0.2
25,Luke Babbitt\babbilu01,SF,28,MIA,13,145,1.3,0.351,0.957,0,1.5,10.1,5.8,4.8,0.3,1.2,7.8,15.8,-0.3,0.1,-0.2,-0.073,-5.9,-3.3,-9.2,-0.3
26,Dwayne Bacon\bacondw01,SG,22,CHO,53,713,5.8,0.431,0.224,0.13,0.6,18.5,9.4,7.5,1.1,0.2,10.2,13.7,-0.7,0.6,-0.1,-0.007,-4.8,0.1,-4.7,-0.5
27,Ron Baker\bakerro01,SG,24,NYK,29,385,9.3,0.504,0.559,0.441,1.4,7.2,4.3,15.5,3.3,1.3,20.4,10,0.1,0.4,0.5,0.059,-2.8,2.4,-0.4,0.2
28,Wade Baldwin\baldwwa01,PG,21,POR,7,80,16.6,0.748,0.238,0.476,1.4,9.5,5.5,9.8,1.2,1,13.6,16.1,0.2,0.1,0.3,0.187,0.2,1.7,1.9,0.1
29,Lonzo Ball\balllo01,PG,20,LAL,52,1780,12.5,0.444,0.523,0.126,4.2,17.3,10.8,29.2,2.4,2,18.6,17.4,-0.5,2.5,2,0.053,-0.7,1.6,1,1.3
30,J.J. Barea\bareajo01,PG,33,DAL,69,1603,17.8,0.545,0.454,0.148,1,13.4,7,45.1,1.1,0.2,16.3,24.9,2.3,1,3.3,0.098,2.7,-1.5,1.2,1.3
31,Harrison Barnes\barneha02,PF,25,DAL,77,2634,15.8,0.539,0.276,0.259,3.1,17.1,9.9,9.9,0.9,0.5,8.1,25.2,2,1.9,3.8,0.07,0.8,-1.3,-0.5,1
32,Will Barton\bartowi01,SG,27,DEN,81,2683,16.2,0.562,0.411,0.22,3,14.2,8.6,18.5,1.5,1.6,11.7,20.7,4.4,1.8,6.2,0.111,1.6,-0.4,1.1,2.1
33,Nicolas Batum\batumni01,SG,29,CHO,64,1981,14.4,0.523,0.422,0.2,3.1,13.8,8.4,26.2,1.6,1,15.6,18.3,1.7,1.8,3.5,0.084,0.5,-0.1,0.4,1.2
34,Jerryd Bayless\bayleje01,SG,29,PHI,39,925,7.5,0.546,0.557,0.168,1.8,7.3,4.7,8,1.2,0.5,14.1,15.1,0.2,0.9,1.1,0.055,-2.7,-0.2,-2.8,-0.2
35,Aron Baynes\baynear01,C,31,BOS,81,1485,12,0.502,0.047,0.175,9.7,22.1,16,9.6,0.7,2.9,14.3,16.8,0.5,2.5,3,0.097,-3.6,0.7,-2.9,-0.3
36,Kent Bazemore\bazemke01,SG,28,ATL,65,1789,14.5,0.547,0.405,0.297,1.6,13.9,7.7,20.1,2.7,2.2,17,22.5,0.2,2,2.2,0.059,-0.4,1,0.6,1.2
37,Bradley Beal\bealbr01,SG,24,WAS,82,2977,18.4,0.564,0.357,0.249,2.3,11.5,6.9,21,1.6,1.1,11.5,27.6,4.4,2.5,6.9,0.111,2.9,-0.7,2.2,3.1
38,Malik Beasley\beaslma01,SG,21,DEN,62,583,9,0.509,0.461,0.185,2.7,11,6.9,7.4,1.3,1,11.1,16.2,0.1,0.3,0.3,0.028,-2.4,-1.4,-3.8,-0.3
39,Michael Beasley\beaslmi01,PF,29,NYK,74,1653,17.8,0.556,0.107,0.197,6.5,21.2,13.9,12.5,1.1,2.3,14,26.9,0.9,1.5,2.4,0.069,0.6,-0.8,-0.2,0.7
40,Marco Belinelli\belinma01,SG,31,TOT,80,1947,14.1,0.581,0.517,0.213,1.1,7.3,4.3,11.9,1.6,0.5,10.1,20.7,2.4,1.3,3.7,0.092,0.4,-0.8,-0.5,0.8
40,Marco Belinelli\belinma01,SG,31,ATL,52,1210,14.1,0.554,0.509,0.225,1.3,7.9,4.6,13.5,1.9,0.2,9.2,21.2,1.3,0.6,1.9,0.075,0.6,-0.8,-0.2,0.5
40,Marco Belinelli\belinma01,SG,31,PHI,28,737,14.2,0.628,0.53,0.194,0.9,6.3,3.7,9.3,1.3,1,11.7,19.8,1.1,0.7,1.8,0.119,0,-0.8,-0.8,0.2
41,Jordan Bell\belljo01,C,23,GSW,57,809,18,0.641,0.022,0.238,8.9,19,14.3,16.9,2.1,5.5,20,13.9,1.6,1.4,2.9,0.174,0,2.8,2.8,1
42,DeAndre' Bembry\bembrde01,SF,23,ATL,26,455,7.6,0.477,0.234,0.258,2,15.7,8.8,15.9,2.3,2.3,24.8,18.2,-0.9,0.5,-0.4,-0.04,-5.1,0.3,-4.7,-0.3
43,Dragan Bender\bendedr01,PF,20,PHO,82,2069,7.1,0.524,0.665,0.105,2,16.8,9.3,8.9,0.5,2.1,18.1,12.7,-0.7,0.8,0.1,0.001,-2.9,-0.8,-3.7,-0.9
44,Dāvis Bertāns\bertada01,PF,25,SAS,77,1086,14.1,0.588,0.689,0.134,1.8,13.9,7.8,10.3,1.2,2.1,8.5,17.4,1.6,1.4,3.1,0.135,1,0.6,1.6,1
45,Patrick Beverley\beverpa01,SG,29,LAC,11,334,12.4,0.53,0.504,0.143,5.3,9.4,7.4,13.8,2.8,1.3,16.5,19.6,0.1,0.3,0.4,0.056,-0.3,0.8,0.5,0.2
46,Khem Birch\birchkh01,C,25,ORL,42,578,16.4,0.582,0,0.484,13.2,21.1,17.1,8.5,1.3,2.9,12.1,13.2,1.2,0.6,1.8,0.15,-0.7,-0.2,-0.9,0.2
47,Jabari Bird\birdja01,SG,23,BOS,13,115,12.1,0.615,0.269,0.5,5.8,12.2,9,10.5,1.3,0.7,20.1,15.4,0.1,0.2,0.2,0.098,-2.7,-0.4,-3.1,0
48,Bismack Biyombo\biyombi01,C,25,ORL,82,1495,14.1,0.556,0.003,0.446,10.5,24,17.2,6.5,0.7,5.1,16.6,14.9,1.1,1.8,2.9,0.094,-2.6,0.2,-2.4,-0.2
49,Nemanja Bjelica\bjeline01,PF,29,MIN,67,1371,12.6,0.581,0.493,0.121,4.4,18.8,11.5,8.7,1.8,1,11.7,14.3,1.7,1.1,2.8,0.097,-0.1,0.2,0.1,0.7
50,Tarik Black\blackta01,C,26,HOU,51,536,14.3,0.582,0.087,0.496,13.4,20.9,17.1,3.7,1.9,4.8,18.4,15.6,0.5,1,1.5,0.136,-3.7,1.2,-2.6,-0.1
51,Antonio Blakeney\blakean01,SG,21,CHI,19,314,10.1,0.471,0.364,0.273,1.3,10.3,5.6,10.1,1.1,0.3,6.4,23.7,-0.2,0.1,0,-0.006,-2.8,-2.4,-5.2,-0.3
52,Eric Bledsoe\bledser01,PG,28,TOT,74,2322,19.7,0.582,0.364,0.321,2.6,11.7,7.1,25.7,3.2,1.5,16.1,26.1,3.1,2.5,5.6,0.116,2.3,0.3,2.5,2.6
52,Eric Bledsoe\bledser01,PG,28,PHO,3,83,13,0.509,0.325,0.35,3.8,5.2,4.5,17.9,2.3,1.9,17.8,28.7,-0.1,0,0,-0.028,-0.7,-2.4,-3.2,0
52,Eric Bledsoe\bledser01,PG,28,MIL,71,2239,20,0.585,0.366,0.319,2.5,11.9,7.2,26,3.2,1.5,16,26,3.2,2.4,5.7,0.121,2.4,0.4,2.8,2.7
53,Vander Blue\blueva01,SG,25,LAL,5,45,-1.8,0.255,0.4,0.4,0,2.3,1.2,8.2,1.1,0,33.8,8.4,-0.1,0,-0.1,-0.103,-7.6,-0.7,-8.4,-0.1
54,Bogdan Bogdanović\bogdabo01,SG,25,SAC,78,2175,13.5,0.556,0.426,0.154,1.6,10.5,5.8,18.3,1.7,0.7,13.2,19.6,1.8,1.1,2.9,0.064,-0.6,-0.9,-1.5,0.3
55,Bojan Bogdanović\bogdabo02,SF,28,IND,80,2464,13.9,0.605,0.453,0.241,1.4,10.9,6.2,7.1,1.1,0.3,10.1,19,3.8,1.6,5.4,0.105,0.5,-1.2,-0.7,0.8
56,Andrew Bogut\bogutan01,C,33,LAL,24,216,10.9,0.696,0,0.08,12.9,25.4,19.2,9.1,0.9,4.9,42.3,8.8,0.1,0.3,0.4,0.094,-4.7,1.9,-2.8,-0.1
57,Joel Bolomboy\bolomjo01,PF,24,MIL,6,38,11.7,0.521,0.167,1,18.6,12.3,15.4,0,2.6,0,18.8,12.6,0,0,0.1,0.079,-2.6,-2.4,-5,0
58,Devin Booker\bookede01,SG,21,PHO,54,1865,18.1,0.561,0.364,0.312,1.5,12.7,7,24.4,1.2,0.6,13.9,31.7,1.9,0.6,2.4,0.063,2.9,-2,0.9,1.4
59,Trevor Booker\booketr01,PF,30,TOT,68,1158,14.9,0.557,0.096,0.271,11.1,18.6,14.9,10.8,1.2,1.5,13.3,16.6,1.6,1.3,2.9,0.121,-0.6,0,-0.6,0.4
59,Trevor Booker\booketr01,PF,30,BRK,18,395,15.4,0.536,0.08,0.287,10.1,22,16,16.2,1,0.9,15.1,21.8,0.3,0.3,0.6,0.072,-1.1,-0.5,-1.7,0
59,Trevor Booker\booketr01,PF,30,PHI,33,494,14.5,0.618,0.064,0.358,10.7,15.7,13.3,7.6,1.6,1.9,13.7,12.6,1,0.7,1.7,0.163,-0.3,0.9,0.7,0.3
59,Trevor Booker\booketr01,PF,30,IND,17,269,14.7,0.512,0.167,0.131,13.5,18.8,16.2,9,0.7,1.6,9.2,16.2,0.4,0.2,0.7,0.118,-0.3,-0.8,-1.1,0.1
60,Chris Boucher\bouchch01,PF,25,GSW,1,1,-28.5,0,1,0,0,100,55.9,0,0,0,0,43.9,0,0,0,-0.899,-21.7,-11.4,-33.1,0
61,Avery Bradley\bradlav01,SG,27,TOT,46,1433,9.6,0.496,0.325,0.131,1.7,7.3,4.5,10.4,1.8,0.5,13.3,23.5,-1.4,1.2,-0.2,-0.007,-3,-1,-4,-0.7
61,Avery Bradley\bradlav01,SG,27,DET,40,1268,9.7,0.497,0.34,0.14,1.6,6.7,4.1,10.5,1.8,0.5,13.3,24.4,-1.4,1.1,-0.2,-0.009,-2.8,-1.1,-3.9,-0.6
61,Avery Bradley\bradlav01,SG,27,LAC,6,165,9,0.492,0.164,0.036,2,12.5,7.3,9.8,1.5,0.5,12.5,16.7,-0.1,0.1,0,0.009,-4.1,-0.3,-4.4,-0.1
62,Tony Bradley\bradlto01,C,20,UTA,9,29,9.5,0.337,0.091,0.182,15.8,27.1,21.5,5,0,0,0,18.4,0,0,0,0.033,-3,-4.5,-7.5,0
63,Corey Brewer\breweco01,SF-SG,31,TOT,72,1208,11.2,0.534,0.348,0.285,3.8,10,6.9,7.5,3.2,1,12.1,14.3,0.7,1.6,2.3,0.091,-3.2,1.9,-1.3,0.2
63,Corey Brewer\breweco01,SF,31,LAL,54,694,8.9,0.509,0.25,0.297,3.6,10.7,7.1,8.1,2.8,0.9,16.3,14.2,-0.2,0.9,0.7,0.048,-4.7,1.6,-3.1,-0.2
63,Corey Brewer\breweco01,SG,31,OKC,18,514,14.2,0.565,0.465,0.271,4.2,9.2,6.6,6.7,3.7,1.1,6.4,14.4,0.9,0.7,1.6,0.15,-1.2,2.3,1.1,0.4
64,Malcolm Brogdon\brogdma01,PG,25,MIL,48,1436,14.3,0.578,0.32,0.169,1.9,10.8,6.4,16.3,1.4,0.8,10.9,19.1,2,0.7,2.7,0.091,-0.1,-1,-1.2,0.3
65,Aaron Brooks\brookaa01,PG,33,MIN,32,189,9.8,0.508,0.449,0.159,4.2,6.2,5.2,15.1,1.6,0,13,19.9,0.1,0.1,0.1,0.033,-2.6,-1.3,-3.8,-0.1
66,Dillon Brooks\brookdi01,SF,22,MEM,82,2350,9.8,0.531,0.342,0.215,2.4,10.5,6.3,9.3,1.6,0.7,12.8,18.5,0.1,1.1,1.2,0.024,-2.9,-1.1,-4,-1.2
67,MarShon Brooks\brookma01,SG,29,MEM,7,193,26.1,0.629,0.314,0.225,4.7,8,6.3,25.9,2.9,1.5,12.5,29.8,0.6,0.2,0.7,0.179,7.5,-0.4,7.1,0.4
68,Anthony Brown\brownan02,SF,25,MIN,1,4,41.9,1.5,1,0,0,0,0,41.7,0,0,0,11.1,0,0,0,0.571,26.2,4.3,30.5,0
69,Bobby Brown\brownbo02,PG,33,HOU,20,115,5.5,0.425,0.69,0.034,0,6.8,3.4,15,1.7,0,13.3,26.1,-0.3,0.1,-0.2,-0.08,-4.9,-2.3,-7.2,-0.2
70,Jaylen Brown\brownja02,SG,21,BOS,70,2152,13.6,0.562,0.381,0.29,3.4,14,8.8,8.5,1.6,1,12,21.4,1.2,3.2,4.5,0.1,-0.8,0.3,-0.5,0.8
71,Lorenzo Brown\brownlo01,PG,27,TOR,14,139,8.2,0.459,0.353,0.059,0.8,11.1,6,12.4,1.8,0,7.9,11.9,0,0.1,0.2,0.06,-3.9,1.5,-2.5,0
72,Markel Brown\brownma02,SG,26,HOU,4,31,-1.2,0.357,0.714,0,3.7,14.4,9.1,8.7,0,0,22.2,12.8,-0.1,0,0,-0.063,-8.8,-2,-10.8,-0.1
73,Sterling Brown\brownst02,SG,22,MIL,54,776,9.1,0.503,0.444,0.117,4.1,17.5,10.8,4.5,2,1.4,10.4,14,0,0.7,0.7,0.043,-2.8,-0.2,-3.1,-0.2
74,Nicolás Brussino\brussni01,SF,24,ATL,4,10,-4.6,0,1,0,0,33.5,16.7,0,0,0,0,8.7,0,0,0,-0.18,-8.1,-3.2,-11.3,0
75,Thomas Bryant\bryanth01,C,20,LAL,15,72,9.9,0.441,0.476,0.429,4.5,20.5,12.6,11.5,0.7,2.3,7.4,15.9,0,0.1,0.1,0.05,-3.1,-0.2,-3.3,0
76,Reggie Bullock\bullore01,SF,26,DET,62,1732,13.6,0.615,0.515,0.09,1.7,8.3,4.9,8.4,1.4,0.7,7.6,15.7,2.8,1.4,4.2,0.117,0.7,0,0.7,1.2
77,Trey Burke\burketr01,PG,25,NYK,36,785,21,0.563,0.273,0.148,1.8,8.2,5,36.4,1.5,0.4,9.5,25.1,2,0.3,2.4,0.145,3.9,-1.4,2.5,0.9
78,Alec Burks\burksal01,SG,26,UTA,64,1059,13.1,0.527,0.343,0.3,2.1,18.4,10.3,10,1.8,0.6,11.4,22.5,0.2,1.6,1.9,0.084,-1.3,0.4,-0.9,0.3
79,Jimmy Butler\butleji01,SG,28,MIN,59,2164,23.7,0.59,0.217,0.461,4.2,12.7,8.4,20.6,2.7,1,8.9,24.9,7.1,1.8,8.9,0.198,5,0.7,5.8,4.2
80,Dwight Buycks\buyckdw01,PG,28,DET,29,427,12.8,0.498,0.227,0.207,3,7.7,5.3,22.4,2.2,0.4,15.3,26.4,-0.2,0.4,0.2,0.027,-2.3,-0.7,-3.1,-0.1
81,Bruno Caboclo\cabocbr01,SF,22,TOT,12,107,7.4,0.386,0.548,0.194,7.1,16.6,11.7,5,1.4,3.5,10.6,15.8,-0.1,0.1,0,-0.021,-4.8,-1,-5.8,-0.1
81,Bruno Caboclo\cabocbr01,SF,22,TOR,2,7,-0.1,0,1,0,0,15.7,8,16.7,7,0,0,12.5,0,0,0,-0.113,-8.2,5.7,-2.6,0
81,Bruno Caboclo\cabocbr01,SF,22,SAC,10,100,7.9,0.411,0.517,0.207,7.6,16.6,12,4.2,1,3.8,11.2,16,-0.1,0.1,0,-0.015,-4.5,-1.5,-6.1,-0.1
82,José Calderón\caldejo01,PG,36,CLE,57,914,11.3,0.643,0.524,0.162,1.7,8.5,5.2,17.4,1.4,0.2,17.1,11.6,1.5,0.3,1.8,0.095,-1.4,-0.5,-1.9,0
83,Kentavious Caldwell-Pope\caldwke01,SG,24,LAL,74,2458,13.2,0.561,0.52,0.243,2.6,14.1,8.4,9.4,2.1,0.5,9.9,16.9,2.6,2.7,5.3,0.103,-0.4,0.6,0.3,1.4
84,Isaiah Canaan\canaais01,PG-SG,26,TOT,20,422,13.5,0.539,0.482,0.372,1.5,10,5.7,26.7,1.8,0.2,15.4,18.9,0.5,0.1,0.6,0.072,-0.5,-0.7,-1.3,0.1
84,Isaiah Canaan\canaais01,SG,26,HOU,1,4,-7.3,0,0,0,0,27.9,14.1,0,0,0,0,11,0,0,0,-0.224,-12.4,-4.5,-16.9,0
84,Isaiah Canaan\canaais01,PG,26,PHO,19,418,13.7,0.543,0.485,0.375,1.5,9.9,5.6,26.9,1.8,0.2,15.5,19,0.5,0.1,0.7,0.075,-0.4,-0.7,-1.1,0.1
85,Clint Capela\capelca01,C,23,HOU,74,2034,24.5,0.65,0.001,0.38,13.5,30.8,22.2,5.7,1.4,5.7,11.5,19.4,6.2,4.1,10.2,0.242,2.4,1,3.4,2.8
86,DeMarre Carroll\carrode01,PF,31,BRK,73,2180,14.3,0.55,0.498,0.313,5.1,18.4,11.7,10.5,1.3,1,10.3,19.8,2.3,1.8,4.1,0.091,0.5,-0.4,0.2,1.2
87,Vince Carter\cartevi01,SF,41,SAC,58,1026,10.8,0.523,0.583,0.131,1.9,15.1,8.2,9.7,2.1,2.4,10.7,14.7,0.3,0.9,1.2,0.056,-1.9,0.7,-1.2,0.2
88,Michael Carter-Williams\cartemi01,PG,26,CHO,52,835,10.8,0.446,0.258,0.389,4.7,13.3,8.9,19.4,2.6,2.3,16.2,16.6,-0.2,1.1,0.9,0.05,-3.3,1.8,-1.5,0.1
89,Alex Caruso\carusal01,PG,23,LAL,37,562,8.7,0.519,0.371,0.259,2.9,9.4,6.2,17.8,2,1.4,24.5,12.9,-0.1,0.6,0.5,0.041,-3.8,0.9,-2.9,-0.1
90,Omri Casspi\casspom01,SF,29,GSW,53,740,15.5,0.632,0.106,0.333,4.9,24,15.1,9.5,1.2,2,13.5,16.3,1.2,1,2.2,0.141,-0.9,0,-0.9,0.2
91,Willie Cauley-Stein\caulewi01,C,24,SAC,73,2044,17.6,0.529,0.016,0.32,7,22,14.2,13.7,1.9,3.1,11,21.8,1.7,2.2,3.9,0.092,-0.4,0.3,-0.1,1
92,Tyler Cavanaugh\cavanty01,PF,23,ATL,39,518,13,0.567,0.586,0.138,9.7,17.7,13.7,7.8,0.8,0.7,8,14.8,0.9,0.3,1.2,0.109,-0.4,-1.5,-1.9,0
93,Mario Chalmers\chalmma01,PG,31,MEM,66,1421,10.4,0.503,0.431,0.312,1,12,6.4,21.5,2.8,0.9,18.8,19.6,-0.6,1.3,0.6,0.021,-3.7,0.5,-3.2,-0.4
94,Tyson Chandler\chandty01,C,35,PHO,46,1151,14.2,0.658,0,0.497,12.2,26.8,19.4,6.6,0.7,1.9,20.6,10.6,1.9,0.8,2.7,0.111,-0.8,-0.6,-1.4,0.2
95,Wilson Chandler\chandwi01,SF,30,DEN,74,2346,10.9,0.542,0.39,0.181,4.9,14.1,9.6,9.4,0.9,1.4,11.9,14.3,2.1,1.2,3.3,0.067,-1,-1.1,-2.1,-0.1
96,Marquese Chriss\chrisma01,PF,20,PHO,72,1527,11.1,0.509,0.398,0.331,5.2,22.7,13.8,8.1,1.6,3.7,16.4,18.1,-0.8,1.5,0.7,0.023,-3.2,0.4,-2.8,-0.3
97,Ian Clark\clarkia01,SG,26,NOP,74,1455,9.4,0.529,0.394,0.119,0.8,8.4,4.7,10.4,1.1,0.5,9.9,17.2,0.3,0.8,1.1,0.037,-2.7,-0.8,-3.5,-0.6
98,Jordan Clarkson\clarkjo01,SG,25,TOT,81,1888,16.4,0.542,0.333,0.199,3.3,9.1,6.2,19.3,1.5,0.3,10.9,26.5,1.9,1.2,3,0.077,1.5,-1.4,0.1,1
98,Jordan Clarkson\clarkjo01,SG,25,LAL,53,1256,16.9,0.532,0.315,0.198,3.8,9.7,6.7,22.9,1.5,0.2,11.6,27.7,1.1,1,2.1,0.08,1.9,-1.1,0.8,0.9
98,Jordan Clarkson\clarkjo01,SG,25,CLE,28,632,15.4,0.565,0.376,0.202,2.3,7.9,5.1,12,1.5,0.4,9.3,24.1,0.8,0.2,1,0.073,0.5,-1.8,-1.3,0.1
99,Gian Clavell\clavegi01,SG,24,DAL,7,64,7.4,0.53,0.833,0.111,1.7,10.8,6.1,6.7,1.6,0,9.6,14.8,0,0,0.1,0.042,-2.7,0.5,-2.2,0
100,Antonius Cleveland\clevean01,SG,23,TOT,17,123,4.5,0.486,0.19,0.286,2.7,10.2,6.3,2.2,2.8,3.6,22.8,11.1,-0.2,0.2,0,-0.006,-7.6,2.4,-5.2,-0.1
100,Antonius Cleveland\clevean01,SG,23,DAL,13,81,5.1,0.317,0.071,0.286,2.6,11.4,6.9,3.3,3.7,4.4,11.3,10,-0.1,0.1,0,-0.005,-7.3,4,-3.3,0
100,Antonius Cleveland\clevean01,SG,23,ATL,4,42,3.5,0.825,0.429,0.286,2.7,8,5.3,0,1.2,2,38.8,13.4,0,0,0,-0.009,-8.3,-0.7,-9,-0.1
101,John Collins\collijo01,PF,20,ATL,74,1785,18.3,0.62,0.086,0.341,11,22.8,16.9,8.9,1.3,3.8,14.3,17.9,3.4,2,5.4,0.145,-0.4,0.2,-0.2,0.8
102,Zach Collins\colliza01,C,20,POR,66,1045,7.5,0.475,0.391,0.145,4.7,18.2,11.5,7.1,0.8,2.4,15.9,15.4,-0.7,1.3,0.6,0.03,-4.5,0.2,-4.3,-0.6
103,Kyle Collinsworth\colliky01,SF,26,DAL,32,480,10,0.433,0.172,0.404,7.2,18,12.4,16.4,1.8,1.7,17.1,13.3,-0.1,0.5,0.5,0.046,-3.5,0.9,-2.6,-0.1
104,Darren Collison\collida01,PG,30,IND,69,2018,18.8,0.61,0.321,0.226,2.1,7.8,5,26.4,2.3,0.7,10.9,17.4,5.8,1.8,7.6,0.181,2.4,0.3,2.7,2.4
105,Nick Collison\collini01,PF,37,OKC,15,75,13.2,0.627,0,0.684,10,19.9,14.8,8.2,0,0,22.1,18.2,0.1,0,0.1,0.064,-2.3,-1.9,-4.2,0
106,Mike Conley\conlemi01,PG,30,MEM,12,373,15.4,0.52,0.458,0.393,0,8.6,4.2,22.2,1.6,0.8,8.4,25.9,0.4,0.2,0.6,0.077,1.3,-0.8,0.5,0.2
107,Pat Connaughton\connapa01,SG,25,POR,82,1488,9.3,0.539,0.538,0.113,2.7,9.1,5.9,8.7,0.8,1.2,9.5,13.4,1.2,1.3,2.5,0.08,-1.7,-0.1,-1.8,0.1
108,Quinn Cook\cookqu01,PG,24,GSW,33,740,12.8,0.593,0.413,0.099,1.6,10.2,6.2,16.6,0.8,0.1,10.8,17.5,1.1,0.4,1.6,0.101,-0.1,-1.5,-1.6,0.1
109,Charles Cooke\cookech01,SG,23,NOP,13,38,-5.1,0.202,0.571,0.143,0,5.5,2.9,3.2,1.3,0,6.3,18.1,-0.2,0,-0.2,-0.239,-10.4,-4,-14.4,-0.1
110,Jack Cooley\cooleja01,PF,26,SAC,7,87,19.7,0.566,0,0.704,17.6,21.9,19.6,10.5,0.6,0,7.8,19.8,0.3,0,0.3,0.182,0.9,-1.4,-0.6,0
111,Matt Costello\costema01,C,24,SAS,4,32,9.7,0.5,0,0,3.4,27.9,15.6,8.3,3.2,5.2,20,7,0,0.1,0.1,0.127,-6,5.3,-0.7,0
112,DeMarcus Cousins\couside01,C,27,NOP,48,1737,22.6,0.583,0.34,0.456,6.8,30.9,19.2,23,2.2,3.5,18.9,31.9,1.5,3.2,4.7,0.13,2.5,2.2,4.7,2.9
113,Robert Covington\covinro01,SF,27,PHI,80,2532,12.9,0.563,0.658,0.163,2.4,15.5,9.2,8.7,2.6,2.4,12.3,17.2,1.6,4.5,6.1,0.116,-0.2,1.7,1.5,2.3
114,Allen Crabbe\crabbal01,SG,25,BRK,75,2197,12.3,0.558,0.643,0.163,1.3,14.4,7.8,8.4,1,1.2,8.1,19,1.8,1.4,3.2,0.07,0,-0.7,-0.7,0.7
115,Torrey Craig\craigto01,SF,27,DEN,39,629,9.8,0.535,0.423,0.255,7.2,15.5,11.4,5.4,0.9,2,11.6,11.9,0.5,0.4,0.9,0.069,-2.2,-0.7,-2.9,-0.1
116,Jamal Crawford\crawfja01,SG,37,MIN,80,1653,13,0.519,0.423,0.152,1.4,5.5,3.5,16.9,1.2,0.5,10.7,23.7,0.9,0.3,1.3,0.037,0.1,-2.5,-2.3,-0.1
117,Jordan Crawford\crawfjo02,SG,29,NOP,5,53,19.1,0.601,0.519,0.037,4.2,4,4.1,37.7,0.9,1.5,15.4,26.5,0.1,0,0.2,0.15,4.9,-0.7,4.2,0.1
118,Jae Crowder\crowdja01,SF,27,TOT,80,2090,10.4,0.525,0.508,0.221,3.2,11.5,7.4,6.9,1.5,0.9,9.1,17.3,1,1.6,2.6,0.06,-1.9,-0.6,-2.5,-0.3
118,Jae Crowder\crowdja01,SF,27,CLE,53,1346,10.2,0.545,0.503,0.245,3.5,10.8,7.2,6,1.5,0.8,9.2,15.1,1.1,0.6,1.7,0.059,-1.9,-1,-3,-0.3
118,Jae Crowder\crowdja01,SF,27,UTA,27,744,10.8,0.499,0.515,0.19,2.8,12.7,7.8,8.6,1.6,1,9.1,21.3,-0.1,1,0.9,0.06,-1.9,0.2,-1.7,0.1
119,Dante Cunningham\cunnida01,SF,30,TOT,73,1562,10,0.539,0.462,0.143,5.5,14.9,10.3,4.3,1.2,1.5,7.9,11.6,1.1,1.3,2.4,0.074,-1.5,-0.2,-1.7,0.1
119,Dante Cunningham\cunnida01,SF,30,NOP,51,1115,8.4,0.525,0.48,0.16,5,13.4,9.4,3,1.2,1.1,6.2,10,0.7,0.9,1.6,0.067,-1.9,-0.1,-2,0
119,Dante Cunningham\cunnida01,SF,30,BRK,22,447,13.8,0.561,0.432,0.115,6.6,18.5,12.5,7.6,1.3,2.3,10.4,15.8,0.4,0.4,0.9,0.092,-0.6,-0.4,-0.9,0.1
120,Stephen Curry\curryst01,PG,29,GSW,51,1631,28.2,0.675,0.58,0.35,2.7,14.4,9,30.3,2.4,0.4,13.3,31,7.2,1.9,9.1,0.267,7.8,0,7.7,4
121,Troy Daniels\danietr01,SG,26,PHO,79,1622,9.8,0.583,0.797,0.111,0.8,7.7,4.2,4.5,0.8,0.2,8.5,17.2,1.4,0,1.4,0.042,-0.5,-2.1,-2.6,-0.3
122,Anthony Davis\davisan02,PF,24,NOP,75,2727,28.9,0.612,0.111,0.409,7.7,24.8,16.5,10.8,2,5.6,8.6,30,8.8,4.9,13.7,0.241,5.3,1.4,6.7,5.9
123,Deyonta Davis\davisde01,C,21,MEM,62,943,16.6,0.621,0,0.215,9,22,15.3,7.1,0.8,3.9,9.9,15.3,1.9,0.8,2.7,0.138,-0.9,-0.6,-1.5,0.1
124,Ed Davis\davised01,C,28,POR,78,1471,15.5,0.607,0.003,0.38,13.7,28.8,21.3,3.9,1.1,2.9,16.2,12.1,2.5,2.5,5,0.164,-1.2,0.6,-0.6,0.5
125,Dewayne Dedmon\dedmode01,C,28,ATL,62,1542,15.8,0.599,0.296,0.18,7.2,28.1,17.7,9.2,1.3,2.8,14.3,17,1.8,1.9,3.7,0.114,-0.4,0.5,0.1,0.8
126,Sam Dekker\dekkesa01,PF,23,LAC,73,883,11.5,0.534,0.232,0.216,5.6,16,10.8,6.2,1.3,0.9,10.4,15.5,0.6,0.6,1.2,0.066,-2.3,-0.6,-2.9,-0.2
127,Malcolm Delaney\delanma01,PG,28,ATL,54,1014,10.6,0.519,0.435,0.323,1,10,5.5,23.4,1.7,0.5,16.9,16.9,0.4,0.6,1,0.047,-2.2,-0.4,-2.6,-0.1
128,Matthew Dellavedova\dellama01,PG,27,MIL,38,712,8.6,0.5,0.513,0.178,2.3,8.2,5.3,27.4,1,0,23,13.5,0.3,0.2,0.5,0.032,-2.4,-2,-4.4,-0.4
129,Luol Deng\denglu01,SF,32,LAL,1,13,5.5,0.5,0,0,0,0,0,10.1,3.7,0,33.3,9.8,0,0,0,-0.018,-5.3,2.4,-2.9,0
130,DeMar DeRozan\derozde01,SG,28,TOR,80,2711,21,0.555,0.203,0.396,2.5,10.4,6.5,25,1.5,0.6,9.5,29.6,6.8,2.8,9.6,0.17,3.3,-0.6,2.8,3.2
131,Cheick Diallo\diallch01,PF,21,NOP,52,581,17,0.619,0,0.375,9.1,29.6,19.7,4.7,0.9,2.9,12,17.4,1.1,0.8,1.9,0.157,-1.3,0.1,-1.2,0.1
132,Gorgui Dieng\dienggo01,C,28,MIN,79,1333,14.7,0.543,0.157,0.263,9.1,22.2,15.6,7.5,1.7,2.6,12,16.3,1.6,1.4,2.9,0.105,-0.9,-0.1,-1,0.3
133,Spencer Dinwiddie\dinwisp01,PG,24,BRK,80,2306,15.9,0.527,0.517,0.32,1.8,10.2,6,35,1.4,0.7,11.8,20.3,4.3,1.4,5.7,0.118,1.3,-0.7,0.6,1.5
134,Tyler Dorsey\dorsety01,SG,21,ATL,56,974,10,0.494,0.521,0.165,1.9,12.9,7.4,12.5,0.9,0.4,8.3,20,0,0.4,0.4,0.02,-1.4,-1.5,-2.9,-0.2
135,Damyean Dotson\dotsoda01,SG,23,NYK,44,474,11.6,0.532,0.422,0.143,2.1,17.5,9.8,9.5,1.3,0.4,9,17.3,0.3,0.3,0.6,0.06,-1.6,-0.6,-2.3,0
136,Milton Doyle\doylemi01,SG,24,BRK,10,125,5.2,0.337,0.489,0.17,2.5,12.9,7.6,11.7,2.3,1.2,3.8,18.2,-0.3,0.1,-0.1,-0.052,-6.6,-0.2,-6.8,-0.1
137,PJ Dozier\doziepj01,PG,21,OKC,2,3,-5,0.5,0,0,0,38.3,18.5,0,0,0,33.3,42.9,0,0,0,-0.404,-17.7,-2.7,-20.4,0
138,Goran Dragić\dragigo01,PG,31,MIA,75,2378,16.6,0.543,0.279,0.252,2.5,11.9,7.2,25.4,1.3,0.4,12.2,25.7,2.9,2.3,5.3,0.106,0.9,-0.6,0.3,1.4
139,Larry Drew II\drewla02,PG,27,TOT,10,70,2.9,0.354,0.375,0,4.8,0,2.3,18.5,0,0,11.1,16.6,-0.1,0,-0.1,-0.061,-5.6,-3.4,-9,-0.1
139,Larry Drew II\drewla02,PG,27,PHI,3,15,-9.4,0.143,0.429,0,7.5,0,3.6,17.1,0,0,12.5,22.8,-0.1,0,-0.1,-0.299,-15.2,-7.4,-22.6,-0.1
139,Larry Drew II\drewla02,PG,27,NOP,7,55,6.3,0.441,0.353,0,4.1,0,2,18.9,0,0,10.5,15,0,0,0,0.003,-3,-2.3,-5.3,0
140,Andre Drummond\drumman01,C,24,DET,78,2625,22.9,0.555,0.012,0.448,16.4,36.4,26.2,14.3,2.2,4.3,15.9,21.2,4.6,5.7,10.3,0.189,1.5,1.7,3.2,3.4
141,Jared Dudley\dudleja01,PF,32,PHO,48,686,8.8,0.553,0.656,0.287,1.2,13.6,7.3,15.6,1.7,1.3,16.9,10.2,0.5,0.4,0.8,0.058,-3,0.5,-2.5,-0.1
142,Kris Dunn\dunnkr01,PG,23,CHI,52,1525,14.5,0.488,0.201,0.171,1.6,14.4,7.8,33.3,3.3,1.6,17.3,24.7,-1,1.9,0.9,0.027,-2.4,1.1,-1.3,0.3
143,Kevin Durant\duranke01,SF,29,GSW,68,2325,26,0.64,0.338,0.331,1.6,19.5,11.2,25.5,1,4,12.9,30.4,7.5,2.9,10.4,0.215,6.7,0.6,7.3,5.5
144,Jarell Eddie\eddieja01,SF,26,TOT,3,9,-1.9,0,1,0,0,12,6.1,0,5.6,0,0,9.8,0,0,0,-0.142,-9.1,0.8,-8.3,0
144,Jarell Eddie\eddieja01,SF,26,BOS,2,6,4,0,1,0,0,18,9.1,0,8.3,0,0,7.4,0,0,0,-0.026,-7,5.6,-1.3,0
144,Jarell Eddie\eddieja01,SF,26,CHI,1,3,-13.5,0,1,0,0,0,0,0,0,0,0,14.5,0,0,0,-0.373,-13.3,-8.8,-22.1,0
145,Henry Ellenson\ellenhe01,PF,21,DET,38,329,10.5,0.476,0.411,0.199,3.3,24.3,13.6,9.4,0.8,0,10.2,23.8,-0.2,0.4,0.1,0.02,-2.6,-1.9,-4.4,-0.2
146,Wayne Ellington\ellinwa01,SG,30,MIA,77,2041,12.5,0.588,0.827,0.111,1.3,10.7,6,5.9,1.3,0.3,6.6,17.3,2.6,1.9,4.5,0.105,1,-0.6,0.4,1.2
147,Joel Embiid\embiijo01,C,23,PHI,63,1912,22.9,0.573,0.203,0.442,8.4,29.7,19.4,18,1,4.8,15.6,33.4,2.3,3.8,6.2,0.155,2,1.3,3.3,2.6
148,James Ennis III\ennisja01,SF,27,TOT,72,1604,11.6,0.588,0.398,0.302,5.1,11,8,6.6,1.5,1,11.4,13.7,2,1.1,3.1,0.092,-1.1,-0.1,-1.2,0.3
148,James Ennis III\ennisja01,SF,27,MEM,45,1053,11.9,0.61,0.378,0.329,5.7,11.7,8.6,7,1.5,1.1,13,12.5,1.5,0.6,2,0.093,-0.5,-0.1,-0.6,0.4
148,James Ennis III\ennisja01,SF,27,DET,27,551,11.2,0.558,0.426,0.265,3.9,9.6,6.7,5.9,1.4,1,9,16,0.5,0.5,1,0.09,-2.2,-0.2,-2.3,-0.1
149,Tyler Ennis\ennisty01,PG,23,LAL,54,683,11.1,0.473,0.25,0.129,3,11.8,7.4,21.9,2.1,1.2,13.8,17.1,0.1,0.7,0.8,0.058,-3,0.9,-2.1,0
150,Jawun Evans\evansja01,PG,21,LAC,48,778,7.2,0.421,0.213,0.194,1.3,10.4,5.9,17.8,2.3,0.6,13.8,17.7,-0.8,0.6,-0.2,-0.011,-5.4,0.4,-5,-0.6
151,Jeremy Evans\evansje01,SF,30,ATL,1,5,10.4,1,0,0,22.3,0,11.2,0,0,0,50,17.5,0,0,0,-0.028,-5.7,-4.2,-9.9,0
152,Tyreke Evans\evansty01,PG,28,MEM,52,1607,21.1,0.561,0.354,0.258,3.1,16.3,9.5,31.2,1.8,1,11.5,28.4,3.1,1.2,4.2,0.126,4.9,-0.5,4.5,2.6
153,Dante Exum\exumda01,PG,22,UTA,14,235,16.7,0.566,0.207,0.356,2,10.5,6.3,29.7,1.7,1.1,16.6,23.1,0.3,0.3,0.7,0.133,-0.3,0.4,0.1,0.1
154,Kenneth Faried\farieke01,PF,28,DEN,32,461,17.4,0.552,0.007,0.345,16.7,20.7,18.7,5.8,1.3,2.4,11.9,18.3,0.9,0.4,1.3,0.132,-0.3,-1.7,-2.1,0
155,Derrick Favors\favorde01,C,26,UTA,77,2153,18.8,0.593,0.09,0.306,10.6,18.5,14.6,7.8,1.3,3.2,9.9,18.5,4.5,3.5,8,0.179,0.9,0.7,1.5,1.9
156,Kay Felder\feldeka01,PG,22,TOT,16,140,3.6,0.379,0.271,0.171,2.3,12,6.9,22,1,0.6,17.5,28.4,-0.6,0.1,-0.5,-0.175,-7.7,-3.4,-11.1,-0.3
156,Kay Felder\feldeka01,PG,22,CHI,14,134,3.6,0.386,0.273,0.182,0.8,10.8,5.6,23,1.1,0.7,17.4,28,-0.5,0.1,-0.5,-0.168,-7.4,-3.2,-10.7,-0.3
156,Kay Felder\feldeka01,PG,22,DET,2,6,2,0.25,0.25,0,36,37.6,36.8,0,0,0,20,36.9,0,0,0,-0.336,-12.9,-8.5,-21.4,0
157,Cristiano Felício\feliccr01,C,25,CHI,55,977,12.5,0.614,0.009,0.377,8.8,17.1,12.8,8.4,0.8,1,17.7,13.6,1.2,0.5,1.7,0.086,-2.8,-1.1,-3.9,-0.5
158,Raymond Felton\feltora01,PG,33,OKC,82,1365,13,0.494,0.417,0.08,2,11,6.3,22.5,1.8,1.1,11.7,20.4,0.9,1.3,2.2,0.078,-0.3,-0.3,-0.6,0.5
159,Terrance Ferguson\fergute01,SG,19,OKC,61,763,7.4,0.545,0.71,0.059,2.7,4.2,3.4,3.4,1.6,1.2,6,10.4,0.7,0.5,1.2,0.077,-3.2,-0.1,-3.3,-0.3
160,Yogi Ferrell\ferreyo01,SG,24,DAL,82,2282,11.4,0.54,0.492,0.141,1.2,11.2,6.1,13.5,1.4,0.4,9.1,17,1.5,1.5,3,0.064,-1.3,0,-1.4,0.4
161,Dorian Finney-Smith\finnedo01,PF,24,DAL,21,448,7.6,0.482,0.554,0.124,5.3,13.6,9.3,8.4,1.1,0.8,14.1,15.1,-0.2,0.3,0.1,0.015,-3.8,-0.8,-4.6,-0.3
162,Bryn Forbes\forbebr01,SG,24,SAS,80,1517,9.1,0.525,0.459,0.145,0.9,7.2,4,7.8,0.9,0.1,6.5,16.7,0.8,1.3,2.1,0.067,-2.5,-0.6,-3.1,-0.4
163,Evan Fournier\fournev01,SF,25,ORL,57,1837,15.5,0.577,0.418,0.216,1.4,9.5,5.4,14.8,1.3,0.7,9.8,23.3,2.4,0.9,3.3,0.087,0.8,-1.4,-0.6,0.7
164,De'Aaron Fox\foxde01,PG,20,SAC,73,2026,11.2,0.478,0.192,0.245,1.8,10,5.7,24.6,1.7,0.9,16.4,23.4,-1.7,1.1,-0.6,-0.014,-2.7,-1.5,-4.2,-1.1
165,Tim Frazier\fraziti01,PG,27,WAS,59,838,11.3,0.475,0.326,0.174,2.4,13.1,7.8,31.1,2.8,0.7,23.5,12.8,0.4,1,1.4,0.08,-2.8,1.8,-0.9,0.2
166,Enes Freedom\kanteen01,C,25,NYK,71,1830,24,0.63,0.003,0.258,16.6,30.6,23.6,9.4,1,1.7,13.3,21.8,5.5,2.1,7.6,0.198,3.3,-1.1,2.2,1.9
167,Channing Frye\fryech01,C,34,TOT,53,695,13.1,0.599,0.542,0.09,1.9,19.4,10.8,7.9,1.3,1.6,8.7,15.2,0.9,0.6,1.5,0.101,-0.5,0,-0.5,0.3
167,Channing Frye\fryech01,C,34,CLE,44,545,13.9,0.604,0.533,0.089,2.1,20.3,11.3,7.5,1.5,1.9,8.8,15.6,0.7,0.5,1.2,0.104,-0.4,0.1,-0.3,0.3
167,Channing Frye\fryech01,C,34,LAL,9,150,10.2,0.581,0.581,0.093,1.4,16.2,8.9,9.5,0.3,0.5,8.2,13.8,0.2,0.1,0.3,0.091,-1,-0.5,-1.5,0
168,Markelle Fultz\fultzma01,SG,19,PHI,14,253,12.4,0.416,0.009,0.189,4.9,13.1,9.2,31.3,2.3,1.3,12.4,23.1,-0.2,0.4,0.2,0.043,-3.3,0.7,-2.6,0
169,Danilo Gallinari\gallida01,SF,29,LAC,21,671,13.8,0.545,0.434,0.34,1.5,14.9,8.3,8.9,0.9,1.2,8.1,20.6,0.8,0.4,1.2,0.088,0.4,-0.9,-0.5,0.3
170,Langston Galloway\gallola01,SG,26,DET,58,863,12.2,0.503,0.641,0.121,1.6,10.3,5.9,10.1,2,0.5,4.8,19.3,0.5,0.9,1.4,0.08,-0.2,0.2,0.1,0.5
171,Marc Gasol\gasolma01,C,33,MEM,73,2408,17.4,0.532,0.31,0.326,3.7,25.3,14.2,21.7,1.1,3.9,14.1,25.6,1.5,2.6,4,0.08,1.7,0.6,2.3,2.7
172,Pau Gasol\gasolpa01,C,37,SAS,77,1812,18.9,0.539,0.191,0.333,7.8,30.2,19,20.1,0.7,3.6,13.1,20.4,2.7,3.3,6,0.159,1.5,1.9,3.4,2.5
173,Rudy Gay\gayru01,PF,31,SAS,57,1231,18,0.545,0.22,0.27,6.8,19.5,13.1,9.8,1.9,2.6,11.5,24.6,1,2.1,3.1,0.122,0.2,0.6,0.8,0.9
174,Paul George\georgpa01,SF,27,OKC,79,2891,18.7,0.57,0.454,0.307,2.7,14.9,8.6,14.5,2.8,1.2,12.2,25.7,5,3.9,8.9,0.147,2.3,0.6,2.9,3.6
175,Marcus Georges-Hunt\georgma01,SG,23,MIN,42,224,6.9,0.515,0.313,0.438,3.6,4.7,4.1,4.1,1.3,0,5,11.9,0.2,0,0.2,0.049,-4.3,-0.9,-5.1,-0.2
176,Jonathan Gibson\gibsojo01,PG,30,BOS,4,40,25.4,0.739,0.522,0,0,8.1,4.1,22.6,0,0,11.5,29,0.1,0,0.2,0.195,4.9,-0.8,4.1,0.1
177,Taj Gibson\gibsota01,PF,32,MIN,82,2726,15.4,0.61,0.047,0.251,8.1,16.7,12.4,5.2,1.1,1.9,9.8,14.7,5.4,1.7,7.2,0.126,0.1,-0.7,-0.5,1
178,Manu Ginóbili*\ginobma01,SG,40,SAS,65,1299,12.9,0.553,0.415,0.283,1.6,10.6,6.1,19.1,1.7,1,16.8,21.5,0.6,1.6,2.2,0.082,-1.5,0.2,-1.3,0.2
179,Rudy Gobert\goberru01,C,25,UTA,56,1816,20.7,0.657,0,0.673,10.4,27,18.8,6.9,1.2,6,15.7,16.9,4.2,3.9,8.1,0.214,0.9,2.5,3.4,2.5
180,Aaron Gordon\gordoaa01,PF,22,ORL,58,1909,16.5,0.53,0.395,0.26,5,21.5,13.2,11.7,1.5,1.9,10,24.7,0.9,2,2.9,0.072,0.9,-0.6,0.3,1.1
181,Eric Gordon\gordoer01,SG,29,HOU,69,2154,15.2,0.578,0.627,0.248,1.3,7.5,4.4,11.7,1,1.1,10.8,24.7,2.9,1.8,4.7,0.105,2,-1.6,0.4,1.3
182,Marcin Gortat\gortama01,C,33,WAS,82,2075,14.7,0.546,0,0.291,9.9,24,17,10.6,1,2.6,13.5,15.5,2.4,2.4,4.9,0.113,-0.8,0.3,-0.6,0.8
183,Treveon Graham\grahatr01,SG,24,CHO,63,1050,9,0.553,0.439,0.267,4.3,8.3,6.2,7.8,1.5,0.2,9.9,11.3,1.1,0.7,1.8,0.08,-2.8,0.1,-2.7,-0.2
184,Jerami Grant\grantje01,PF,23,OKC,81,1647,16.2,0.607,0.241,0.526,5.6,16.3,10.7,5.1,0.9,4.2,8.8,16,3.5,1.9,5.4,0.156,0,0.3,0.3,1
185,Jerian Grant\grantje02,PG,25,CHI,74,1686,14.3,0.528,0.372,0.374,1.9,9.3,5.5,30.1,1.8,0.4,13.2,17.4,2.3,1,3.3,0.094,-0.9,-0.5,-1.3,0.3
186,Josh Gray\grayjo01,PG,24,PHO,5,86,7.2,0.349,0.317,0.268,2.4,10.1,6.2,20.8,4.5,1.9,13.2,26.1,-0.3,0.1,-0.2,-0.118,-5.2,1,-4.2,0
187,Danny Green\greenda02,SG,30,SAS,70,1791,11.4,0.509,0.57,0.116,2.5,13,7.7,8.9,1.8,3.7,11.2,16.6,0.1,2.9,2.9,0.078,-1,1.4,0.4,1.1
188,Draymond Green\greendr01,PF,27,GSW,70,2287,16.1,0.556,0.414,0.279,3.9,21.1,13.1,29,2,3.1,22.5,17.2,2.6,3.4,6.1,0.127,0.9,1.9,2.8,2.8
189,Gerald Green\greenge01,SG,32,HOU,41,929,14.1,0.566,0.722,0.145,1.8,14.2,8.1,4.3,1.3,1.4,6.6,22.4,1,1,2.1,0.107,1,-0.8,0.3,0.5
190,JaMychal Green\greenja01,PF,27,MEM,55,1542,14,0.53,0.26,0.227,10.8,24.4,17.4,8.3,1,1.5,12.4,17.8,1.3,1.3,2.6,0.079,-0.8,-1.5,-2.3,-0.1
191,Jeff Green\greenje02,PF,31,CLE,78,1828,14.8,0.587,0.275,0.379,3.7,11.2,7.6,8,1.1,1.6,9.4,19.3,3.1,0.8,3.9,0.103,-0.3,-1.5,-1.8,0.1
192,Blake Griffin\griffbl01,PF,28,TOT,58,1970,19.6,0.544,0.323,0.331,4.1,19.8,12,28.1,1,0.8,12.6,28.9,3.2,1.8,4.9,0.12,3.6,-0.2,3.4,2.7
192,Blake Griffin\griffbl01,PF,28,LAC,33,1139,20.4,0.553,0.324,0.379,4.5,20.5,12.6,25.6,1.3,0.7,12.8,29.3,2,1,3,0.126,3.8,-0.4,3.4,1.6
192,Blake Griffin\griffbl01,PF,28,DET,25,831,18.5,0.531,0.323,0.266,3.5,18.9,11,31.5,0.7,1,12.4,28.4,1.1,0.8,1.9,0.113,3.4,0.1,3.4,1.1
193,Daniel Hamilton\hamilda02,SG,22,OKC,6,28,18.2,0.545,0.455,0,0,20.5,9.9,44.2,1.8,0,15.4,19.9,0.1,0,0.1,0.169,1,1.3,2.3,0
194,Tim Hardaway Jr.\hardati02,SG,25,NYK,57,1885,14.4,0.533,0.479,0.209,1.9,11.3,6.6,12.7,1.6,0.5,9,23.8,1.6,1.1,2.6,0.067,0.5,-1.1,-0.6,0.7
195,James Harden\hardeja01,SG,28,HOU,72,2551,29.8,0.619,0.498,0.502,1.8,15.2,8.6,45.1,2.4,1.7,15.1,36.1,11.6,3.8,15.4,0.289,8.5,1.4,9.9,7.7
196,Maurice Harkless\harklma01,SF,24,POR,59,1264,12.6,0.596,0.397,0.199,4,9.9,7,6,1.9,2.8,11,12.6,1.6,1.7,3.2,0.123,-0.4,1.7,1.4,1.1
197,Montrezl Harrell\harremo01,C,24,LAC,76,1293,24.7,0.647,0.013,0.405,8.9,17,13,10.1,1.4,3.4,9.5,23.8,4.3,1.3,5.5,0.205,3.1,0.2,3.3,1.7
198,Devin Harris\harride01,PG,34,TOT,71,1340,13,0.563,0.5,0.374,1,9.8,5.3,16.9,1.8,0.8,12.6,20.2,1.6,0.9,2.5,0.089,-1.5,-0.3,-1.8,0.1
198,Devin Harris\harride01,PG,34,DAL,44,807,13.5,0.56,0.44,0.394,1.2,10.8,5.8,16.4,2.1,0.9,12.8,21.5,0.7,0.7,1.4,0.085,-1.7,0.7,-1,0.2
198,Devin Harris\harride01,PG,34,DEN,27,533,12.4,0.568,0.6,0.341,0.6,8.2,4.4,17.7,1.3,0.6,12.1,18.2,0.9,0.2,1.1,0.096,-1.1,-1.8,-2.9,-0.1
199,Gary Harris\harriga01,SG,23,DEN,67,2304,16.5,0.597,0.434,0.178,1.8,6.8,4.3,13,2.6,0.5,10.8,20.7,3.9,1.5,5.5,0.114,1,-0.2,0.8,1.7
200,Joe Harris\harrijo01,SG,26,BRK,78,1975,13.3,0.634,0.576,0.167,2.7,11.3,7,10.2,0.9,0.8,12,16.6,3,0.9,4,0.097,0.7,-0.6,0.1,1
201,Tobias Harris\harrito02,PF,25,TOT,80,2668,17.1,0.565,0.364,0.177,2.4,15.7,9,11.8,1.3,1.1,7.4,23.3,4.2,2.5,6.7,0.12,2.3,-0.4,1.9,2.6
201,Tobias Harris\harrito02,PF,25,DET,48,1563,16.7,0.564,0.389,0.192,2.5,15,8.6,9.9,1.1,0.9,6.2,23.2,2.6,1.5,4.1,0.125,2.2,-0.5,1.7,1.5
201,Tobias Harris\harrito02,PF,25,LAC,32,1105,17.7,0.565,0.33,0.156,2.2,16.8,9.6,14.3,1.6,1.5,9,23.5,1.6,1,2.6,0.112,2.3,-0.2,2.1,1.2
202,Aaron Harrison\harriaa01,SG,23,DAL,9,233,5.1,0.392,0.623,0.246,1.8,9.9,5.7,6.7,1.9,0.8,3.8,15.5,-0.3,0.2,-0.1,-0.014,-6.8,-0.6,-7.5,-0.3
203,Andrew Harrison\harrian01,PG,23,MEM,56,1326,12.7,0.534,0.331,0.371,2,9.7,5.7,21.3,1.4,1.8,14,19.6,1,0.7,1.7,0.062,-1,-0.5,-1.5,0.2
204,Shaquille Harrison\harrish01,PG,24,PHO,23,384,15.6,0.54,0.21,0.306,2.5,14.7,8.5,22.2,3.2,1.5,13.5,18,0.4,0.4,0.8,0.094,-2.3,1.7,-0.7,0.1
205,Josh Hart\hartjo01,SG,22,LAL,63,1461,12.2,0.596,0.525,0.251,3.1,16,9.6,7.6,1.5,0.9,10.1,13.5,1.9,1.5,3.4,0.111,-0.6,0.5,-0.1,0.7
206,Udonis Haslem\hasleud01,C,37,MIA,14,72,1.8,0.252,0.533,0.133,4.7,10.9,7.8,9.2,0,2.4,11.2,11.1,-0.1,0.1,-0.1,-0.059,-5.9,-1.8,-7.7,-0.1
207,Nigel Hayes\hayesni01,SF,23,TOT,9,122,6.4,0.393,0.485,0.091,3.6,17.5,10.3,6.7,0.8,2.3,5.5,13.3,-0.2,0.1,-0.1,-0.034,-3.7,-0.1,-3.8,-0.1
207,Nigel Hayes\hayesni01,SF,23,LAL,2,11,9.8,0.436,0.667,0.333,0,0,0,24.3,0,0,0,13.3,0,0,0,0.069,-0.2,-1.5,-1.7,0
207,Nigel Hayes\hayesni01,SF,23,TOR,2,6,34.9,1.5,1,0,0,0,0,0,0,0,33.3,21.9,0,0,0,0.018,17.4,0.8,18.2,0
207,Nigel Hayes\hayesni01,SF,23,SAC,5,105,4.4,0.312,0.429,0.071,4.2,20.4,11.9,5.2,1,2.7,3.3,12.8,-0.2,0.1,-0.1,-0.048,-5.2,0,-5.2,-0.1
208,Gordon Hayward\haywago01,SF,27,BOS,1,5,7.3,0.5,0.5,0,0,21.6,10.9,0,0,0,0,17.9,0,0,0,0.056,-6.6,-0.8,-7.4,0
209,Reggie Hearn\hearnre01,SG,26,DET,3,7,13.1,0.75,1,0,0,0,0,0,0,0,0,12.7,0,0,0,0.132,2.9,-1.4,1.5,0
210,Myke Henry\henrymy01,SF,25,MEM,20,378,9.7,0.472,0.532,0.092,3,8.8,5.8,8.9,4.1,1.5,14.4,15.7,-0.3,0.4,0.1,0.017,-3.1,1.8,-1.3,0.1
211,John Henson\hensojo01,C,27,MIL,76,1970,15.7,0.582,0.014,0.315,9,21.5,15.3,8.6,1.1,4.7,12.8,15,2.8,2.2,4.9,0.12,-1,0.1,-0.9,0.5
212,Juancho Hernangómez\hernaju01,PF,22,DEN,25,277,9.7,0.511,0.667,0.16,7.4,14.6,11,5.9,1.1,0.9,10.1,14,0.2,0.1,0.4,0.061,-1.6,-1.7,-3.3,-0.1
213,Willy Hernangómez\hernawi01,C,23,TOT,48,495,21.2,0.604,0.073,0.549,13.3,27.2,20.2,10.5,1.8,2.7,14.7,21,1.1,0.7,1.8,0.174,0.9,0.5,1.4,0.4
213,Willy Hernangómez\hernawi01,C,23,NYK,26,233,16.9,0.595,0.062,0.346,10.5,21.3,15.9,14.3,1.7,2.6,21.8,22.4,0.1,0.3,0.3,0.069,-1.1,0.8,-0.3,0.1
213,Willy Hernangómez\hernawi01,C,23,CHO,22,262,25,0.612,0.084,0.747,15.8,32.4,24,7.1,1.9,2.9,7.5,19.7,1,0.4,1.5,0.266,2.7,0.1,2.8,0.3
214,Mario Hezonja\hezonma01,SF,22,ORL,75,1657,13.7,0.544,0.433,0.17,2.7,16.1,9.3,10,2.4,1.5,11.5,19.9,0.5,1.8,2.3,0.066,-0.9,0.4,-0.5,0.6
215,Isaiah Hicks\hicksis01,PF,23,NYK,18,240,6.8,0.501,0.125,0.25,4.6,14.3,9.5,9.5,0.4,1.4,16.7,17.4,-0.1,0.1,0,-0.003,-6.4,-1.2,-7.6,-0.3
216,Buddy Hield\hieldbu01,SG,25,SAC,80,2024,16.1,0.557,0.437,0.087,3,14.8,8.6,12.8,2.1,1,11.3,24.3,1.3,1.5,2.8,0.067,1.6,-0.5,1,1.5
217,Nenê\hilarne01,C,35,HOU,52,758,16.4,0.594,0.008,0.448,8.1,18,13.1,9.5,1.8,1.6,11.7,18.9,1.5,1.1,2.6,0.163,-1.6,0.6,-1,0.2
218,George Hill\hillge01,PG,31,TOT,67,1812,13.3,0.58,0.4,0.273,2.6,8.9,5.7,15,1.7,1.3,13.3,16.3,2.3,0.9,3.2,0.085,-0.2,-0.5,-0.8,0.6
218,George Hill\hillge01,PG,31,SAC,43,1143,14,0.597,0.393,0.304,2.1,9.9,5.8,15.5,1.7,1,14,16.9,1.6,0.6,2.1,0.09,0,-0.6,-0.5,0.4
218,George Hill\hillge01,PG,31,CLE,24,669,12.2,0.551,0.412,0.219,3.4,7.3,5.4,14,1.6,1.9,12,15.4,0.8,0.3,1.1,0.077,-0.7,-0.5,-1.2,0.1
219,Solomon Hill\hillso01,SF,26,NOP,12,187,4.8,0.332,0.512,0.146,5.4,15.1,10.4,14.4,1.8,0.4,17.1,12.2,-0.2,0.2,-0.1,-0.014,-5.3,0.5,-4.8,-0.1
220,Darrun Hilliard\hillida01,SG,24,SAS,14,95,3.4,0.362,0.316,0.368,0,8.2,4.1,15.3,1.1,0,15.3,12.3,-0.1,0.1,0,-0.015,-7.1,-0.8,-7.9,-0.1
221,Jrue Holiday\holidjr01,SG,27,NOP,81,2927,17.8,0.57,0.286,0.191,2.4,10.8,6.8,24.9,2,1.7,13.6,23.1,4.2,2.9,7.1,0.116,1.3,0.3,1.6,2.7
222,Justin Holiday\holidju01,SG,28,CHI,72,2265,10.8,0.513,0.574,0.21,1.4,12.8,6.9,10.1,1.7,1.2,9.8,18.2,0.1,1.6,1.7,0.036,-1.6,-0.3,-1.9,0
223,John Holland\hollajo02,SF,29,CLE,24,174,5.9,0.417,0.61,0.22,3.9,11.4,7.7,3.9,2,1,11,18.5,-0.3,0.1,-0.2,-0.05,-3.6,-1.9,-5.5,-0.2
224,Rondae Hollis-Jefferson\holliro01,SF,23,BRK,68,1920,16.9,0.548,0.075,0.436,5.5,20,12.7,14.2,1.6,1.9,12.3,22.2,2.1,2,4.1,0.103,-0.3,0.4,0.1,1
225,Richaun Holmes\holmeri01,C,24,PHI,48,746,17.4,0.585,0.129,0.232,8.6,21.4,15.2,12.3,1.3,3.2,8.6,16.6,1.6,1.3,2.8,0.183,-0.3,1.4,1.1,0.6
226,Rodney Hood\hoodro01,SG,25,TOT,60,1616,14.3,0.546,0.443,0.172,1.6,9.9,5.8,9.7,1.4,0.6,8,24.3,1.2,1.5,2.7,0.081,0.8,-0.9,-0.1,0.8
226,Rodney Hood\hoodro01,SG,25,UTA,39,1084,15.1,0.551,0.475,0.176,1.5,10.1,5.8,10.4,1.4,0.5,9.6,27.3,0.6,1.3,1.9,0.085,1.6,-1,0.5,0.7
226,Rodney Hood\hoodro01,SG,25,CLE,21,532,12.7,0.533,0.357,0.161,1.7,9.5,5.7,8.4,1.4,0.8,3.2,18.3,0.6,0.2,0.8,0.074,-0.8,-0.7,-1.5,0.1
227,Scotty Hopson\hopsosc01,SG,28,DAL,1,8,-4.6,0.266,0,2,0,0,0,15.8,0,0,34.7,16.3,0,0,0,-0.238,-9.2,-4.7,-14,0
228,Al Horford\horfoal01,C,31,BOS,72,2277,17.6,0.575,0.3,0.159,5,20.2,12.7,23.6,0.9,2.9,14.1,18.4,4,3.8,7.8,0.165,2.4,2,4.4,3.7
229,Danuel House Jr.\houseda01,SG,24,PHO,23,403,12.4,0.533,0.45,0.24,3.4,17,10.1,9.4,0.8,1.2,7.2,16.2,0.4,0.1,0.6,0.066,-0.8,-0.8,-1.6,0
230,Dwight Howard\howardw01,C,32,CHO,81,2463,20.5,0.577,0.008,0.639,11,33.8,22.2,7.1,1,4.4,15.1,24.2,2.9,3.9,6.8,0.132,-0.3,0.1,-0.1,1.2
231,Josh Huestis\huestjo01,PF,26,OKC,69,982,5.4,0.417,0.632,0.11,4.6,13.9,9.1,2.7,0.8,4,12,9.5,-0.5,1,0.5,0.024,-3.9,0,-3.9,-0.5
232,R.J. Hunter\hunterj01,SG,24,HOU,5,45,8.5,0.455,0.7,0.1,0,12.4,6.3,10.3,3.3,0,8.7,22.5,0,0.1,0,0.022,-5.2,1.9,-3.3,0
233,Vince Hunter\huntevi01,PF,23,MEM,4,7,35.8,0.6,0,0,32.3,16.9,24.8,0,0,13.4,16.7,38.5,0,0,0,0.097,10.4,-0.7,9.7,0
234,Serge Ibaka\ibakase01,PF,28,TOR,76,2093,14.7,0.574,0.379,0.151,4.3,21,12.8,4.4,0.7,3.8,9.7,19.4,2.1,3,5.1,0.117,-0.1,0,-0.1,1
235,Andre Iguodala\iguodan01,SF,34,GSW,64,1622,11.2,0.536,0.366,0.272,3.7,12.6,8.5,16.2,1.6,1.9,15.8,11.5,1.6,1.6,3.2,0.094,-1.1,0.8,-0.3,0.7
236,Ersan İlyasova\ilyaser01,PF,30,TOT,69,1729,14.9,0.558,0.413,0.22,7.6,18,12.9,7.9,1.7,1.3,9.7,18.7,2.2,1.9,4,0.112,-0.2,-0.4,-0.6,0.6
236,Ersan İlyasova\ilyaser01,PF,30,ATL,46,1175,15.1,0.569,0.424,0.224,7,16.8,11.9,6.8,1.8,1.2,8.9,18,1.6,1,2.6,0.106,0.3,-0.5,-0.1,0.6
236,Ersan İlyasova\ilyaser01,PF,30,PHI,23,554,14.6,0.537,0.392,0.212,8.9,20.6,15,10.4,1.5,1.4,11.1,20.1,0.6,0.9,1.4,0.125,-1.2,-0.3,-1.6,0.1
237,Joe Ingles\inglejo01,SF,30,UTA,82,2578,14.4,0.623,0.646,0.116,1.1,13.9,7.6,22.9,1.8,0.7,17.4,15.9,4,3.6,7.6,0.141,1,1.3,2.3,2.8
238,Andre Ingram\ingraan01,SG,32,LAL,2,64,16.3,0.655,0.529,0.176,1.7,8.3,5,15.3,2.2,3.8,14.1,14.1,0.1,0.1,0.2,0.157,1.7,2.5,4.3,0.1
239,Brandon Ingram\ingrabr01,SF,20,LAL,59,1975,13.8,0.536,0.138,0.371,3.1,13.8,8.5,17.7,1.1,1.8,14.4,22.2,1,1.8,2.8,0.068,-0.9,-0.3,-1.2,0.4
240,Kyrie Irving\irvinky01,PG,25,BOS,60,1931,25,0.61,0.374,0.24,1.9,10.8,6.4,30.7,1.7,0.7,10.4,31,6.3,2.7,8.9,0.222,6.4,0.9,7.3,4.5
241,Jonathan Isaac\isaacjo01,PF,20,ORL,27,536,9.8,0.465,0.317,0.172,3.3,17.2,10.2,4.8,3,4.5,14.8,15,-0.6,0.8,0.2,0.021,-3.8,2.4,-1.4,0.1
242,Wes Iwundu\iwundwe01,SF,23,ORL,62,1020,7.8,0.48,0.211,0.216,3.9,11,7.4,7.8,1.6,0.9,11.2,11.6,0,0.7,0.7,0.032,-4.2,-0.1,-4.3,-0.6
243,Jarrett Jack\jackja01,PG,34,NYK,62,1548,11.5,0.489,0.194,0.169,1.6,12.1,6.8,31.3,1.1,0.2,19.5,16.7,0.5,0.7,1.2,0.036,-1.6,-1.3,-2.8,-0.3
244,Aaron Jackson\jacksaa01,PG,31,HOU,1,35,2.4,0.405,0.444,0.222,6.5,3.2,4.8,4,0,0,9.2,13.7,0,0,0,-0.017,-6.6,-2.3,-8.9,-0.1
245,Demetrius Jackson\jacksde01,PG,23,TOT,15,80,5.4,0.424,0.389,0.111,7.1,9.8,8.4,15.9,3.1,1.1,34.6,15.8,-0.2,0.1,-0.1,-0.047,-6.1,0.9,-5.2,-0.1
245,Demetrius Jackson\jacksde01,PG,23,HOU,12,63,0.2,0.286,0.429,0,7.2,12.4,9.8,10.7,3.1,1.3,39.1,16.1,-0.3,0.1,-0.2,-0.14,-9.2,0.6,-8.5,-0.1
245,Demetrius Jackson\jacksde01,PG,23,PHI,3,17,24.5,0.82,0.25,0.5,6.6,0,3.2,35.1,2.8,0,17,14.8,0.1,0,0.1,0.298,5.3,2.1,7.3,0
246,Josh Jackson\jacksjo02,SF,20,PHO,77,1959,11.8,0.48,0.233,0.299,5.1,14.2,9.6,10.1,2,1.4,12.2,26,-2,1.2,-0.7,-0.018,-2.8,-1.4,-4.2,-1.1
247,Justin Jackson\jacksju01,SF,22,SAC,68,1506,9.2,0.521,0.442,0.086,2,12.6,7.1,7.2,0.9,0.8,8.4,14.2,0.4,0.5,1,0.031,-2.4,-1.1,-3.5,-0.6
248,Reggie Jackson\jacksre01,PG,27,DET,45,1201,15.9,0.516,0.293,0.232,2.6,9,5.7,32.8,1.1,0.3,13.5,27.1,1.1,0.9,2,0.078,1,-1.4,-0.4,0.5
249,LeBron James\jamesle01,PF,33,CLE,82,3026,28.6,0.621,0.257,0.336,3.7,22.3,13.1,44.4,1.9,2,16.1,31.6,11,3,14,0.221,7.3,1.4,8.7,8.2
250,Mike James\jamesmi02,PG,27,TOT,36,687,13.9,0.469,0.305,0.262,2,12.2,7,29.4,2,0.8,12,25.1,-0.1,0.3,0.2,0.017,-0.5,-1,-1.5,0.1
250,Mike James\jamesmi02,PG,27,PHO,32,669,14.2,0.476,0.311,0.269,1.9,12.5,7.1,29,1.9,0.8,12.1,25.2,0,0.3,0.3,0.021,-0.3,-0.9,-1.2,0.1
250,Mike James\jamesmi02,PG,27,NOP,4,18,3.5,0.222,0.111,0,6.2,0,3,43.5,2.7,0,10,24.1,-0.1,0,-0.1,-0.146,-7.7,-2.4,-10.1,0
251,Al Jefferson\jeffeal01,C,33,IND,36,484,20.2,0.563,0.014,0.173,7,26.2,16.7,10,1.7,4.2,8.6,22.5,0.8,0.8,1.6,0.158,0.6,1.5,2,0.5
252,Richard Jefferson\jefferi01,SF,37,DEN,20,163,6.4,0.499,0.259,0.259,1.4,10.3,5.9,12,0.6,0.5,14.3,9.4,0.1,0,0.1,0.029,-3.5,-0.8,-4.3,-0.1
253,Brandon Jennings\jennibr01,PG,28,MIL,14,205,12.7,0.478,0.458,0.139,2.9,14.8,8.9,31.1,1.5,1.7,19.1,20.8,0,0.1,0.1,0.026,-1.2,-2.2,-3.4,-0.1
254,Jonas Jerebko\jerebjo01,PF,30,UTA,74,1134,13.2,0.586,0.46,0.167,5.4,19.1,12.3,5.7,1.1,0.9,6.9,15.6,1.8,1.6,3.4,0.144,-0.4,0.4,0.1,0.6
255,Amir Johnson\johnsam01,C,30,PHI,74,1171,14.9,0.575,0.123,0.327,11.8,18.3,15.2,13.9,1.8,3.1,15.6,12.8,2.1,2,4.1,0.169,-1.2,2.2,1,0.9
256,Brice Johnson\johnsbr02,PF,23,TOT,18,98,18.2,0.486,0.024,0.119,10.4,25.5,17.9,3.4,4.5,5.5,10.2,22.3,0,0.2,0.2,0.082,-2.1,1.7,-0.4,0
256,Brice Johnson\johnsbr02,PF,23,LAC,9,38,21.3,0.673,0.091,0.182,5.9,31.4,18.8,4,7.7,4.4,25.2,18,0,0.1,0.1,0.168,-2.2,6.8,4.5,0.1
256,Brice Johnson\johnsbr02,PF,23,MEM,9,60,16.2,0.418,0,0.097,13.2,21.7,17.4,3,2.5,6.2,3,24.9,-0.1,0.1,0,0.028,-2,-1.6,-3.6,0
257,Dakari Johnson\johnsda04,C,22,OKC,31,161,16.4,0.575,0,0.513,10.7,12.8,11.7,7.2,1.8,4.5,5.9,13.5,0.4,0.2,0.6,0.178,-1.2,0.9,-0.3,0.1
258,James Johnson\johnsja01,PF,30,MIA,73,1943,15.8,0.575,0.301,0.264,3.5,17.2,10.3,22.5,1.8,2.2,17.1,19.1,2.2,2.8,5,0.123,0,1.6,1.6,1.7
259,Joe Johnson\johnsjo02,SF,36,TOT,55,1205,8.1,0.49,0.403,0.125,1.3,14.7,8.1,10.2,0.7,0.5,11.4,15.9,-0.3,1.3,1,0.04,-2.7,-0.2,-2.9,-0.3
259,Joe Johnson\johnsjo02,SF,36,UTA,32,700,9,0.492,0.372,0.106,2,15.2,8.7,9.8,0.9,0.7,11.6,17.2,-0.2,0.8,0.6,0.041,-2.3,-0.3,-2.6,-0.1
259,Joe Johnson\johnsjo02,SF,36,HOU,23,505,6.8,0.485,0.455,0.157,0.5,13.9,7.3,10.7,0.6,0.2,11.2,14.1,0,0.4,0.4,0.038,-3.3,0,-3.3,-0.2
260,Omari Johnson\johnsom01,PF,28,MEM,4,75,10.5,0.524,0.571,0,6,11.1,8.5,14.5,1.3,0,12.5,14.4,0.1,0,0.1,0.053,-1.8,-2.7,-4.5,0
261,Stanley Johnson\johnsst04,SF,21,DET,69,1894,9,0.48,0.418,0.259,1.9,13,7.3,8.5,2.5,0.7,11,16.4,-0.6,2.4,1.8,0.046,-4,1.1,-2.9,-0.4
262,Tyler Johnson\johnsty01,PG,25,MIA,72,2052,13,0.549,0.456,0.181,1.9,11.7,6.8,12.4,1.5,1.4,9.5,18.6,1.9,2.3,4.2,0.097,-0.5,0.2,-0.3,0.9
263,Wesley Johnson\johnswe01,SF,30,LAC,74,1486,9.8,0.512,0.481,0.158,2.2,13.6,8,5.6,2.5,3.5,12.3,13,-0.1,1.7,1.7,0.055,-2.5,1.7,-0.7,0.5
264,Nikola Jokić\jokicni01,C,22,DEN,75,2443,24.4,0.603,0.277,0.31,9,27.9,18.5,29.6,1.8,2.1,15.5,24.2,7.8,2.9,10.7,0.211,5.3,1.6,6.9,5.5
265,Damian Jones\jonesda03,C,22,GSW,15,89,6.8,0.517,0,0.227,6.8,10.6,8.8,2.9,0.5,2.7,14.2,13.9,0,0.1,0.1,0.031,-5.3,-1.8,-7.1,-0.1
266,Derrick Jones Jr.\jonesde02,SF,20,TOT,20,245,10.1,0.48,0.34,0.453,9.6,7.8,8.7,5.1,0.8,4.4,9.9,12.8,0.1,0.2,0.4,0.075,-2.9,0.2,-2.7,0
266,Derrick Jones Jr.\jonesde02,SF,20,PHO,6,33,18.4,0.678,0.5,1.5,6.4,6.6,6.5,12.3,1.5,9.8,13.1,9.8,0.1,0,0.1,0.177,2,2.8,4.8,0.1
266,Derrick Jones Jr.\jonesde02,SF,20,MIA,14,212,8.8,0.457,0.327,0.367,10.1,8,9,4,0.7,3.6,9.5,13.3,0,0.2,0.3,0.059,-3.7,-0.2,-3.9,-0.1
267,Jalen Jones\jonesja04,SF,24,TOT,16,181,10.3,0.485,0.382,0.279,7.7,15.7,11.6,3.5,1.4,0.5,8.4,20.9,0,0.2,0.1,0.027,-3.4,-2.6,-6,-0.2
267,Jalen Jones\jonesja04,SF,24,NOP,4,19,5,0.512,0.25,0.5,0,16.5,8.6,0,0,0,0,11.1,0,0,0,0.055,-4.3,-3,-7.3,0
267,Jalen Jones\jonesja04,SF,24,DAL,12,162,10.9,0.483,0.391,0.266,8.6,15.6,12,3.9,1.5,0.5,8.9,22,-0.1,0.1,0.1,0.024,-3.3,-2.6,-5.9,-0.2
268,Tyus Jones\jonesty01,PG,21,MIN,82,1467,14.1,0.572,0.393,0.247,1.2,9.2,5.2,21.2,3.2,0.4,14,12.7,2.3,1.2,3.6,0.117,-0.8,1.7,0.8,1.1
269,DeAndre Jordan\jordade01,C,29,LAC,77,2424,20.2,0.648,0,0.54,15.1,37.6,26.5,7.1,0.8,2.4,16.1,15.2,6,3.4,9.4,0.186,1.7,-0.3,1.4,2.1
270,Cory Joseph\josepco01,PG,26,IND,82,2210,11,0.503,0.315,0.156,2,11.4,6.7,16.1,1.8,0.7,11.9,14.8,1.2,2,3.1,0.068,-1.8,0.3,-1.5,0.3
271,Frank Kaminsky\kaminfr01,PF,24,CHO,79,1835,14.4,0.545,0.383,0.271,2.7,14.5,8.5,11,1,0.9,7.6,20.5,2.3,1.3,3.6,0.094,0.6,-0.8,-0.2,0.8
272,Luke Kennard\kennalu01,SG,21,DET,73,1463,12.1,0.56,0.419,0.163,1.6,11.9,6.6,12.7,1.5,0.8,12.2,17.2,1.1,1.4,2.6,0.085,-0.9,0.1,-0.8,0.5
273,Michael Kidd-Gilchrist\kiddgmi01,SF,24,CHO,74,1850,12.5,0.536,0.004,0.305,4.8,13,8.8,5.9,1.3,1.4,7.7,16.1,1.7,1.6,3.3,0.084,-2.1,0,-2.1,-0.1
274,Sean Kilpatrick\kilpase01,SG,28,TOT,52,640,11.6,0.507,0.49,0.245,0.8,14.2,7.5,11.3,1,0.7,10.4,24.9,-0.2,0.3,0.1,0.008,-1.1,-1.7,-2.8,-0.1
274,Sean Kilpatrick\kilpase01,SG,28,BRK,16,183,4.9,0.414,0.494,0.218,0.6,19.9,10.2,12.6,0.5,0.4,14.4,26.3,-0.6,0.1,-0.4,-0.116,-5.3,-2.3,-7.6,-0.3
274,Sean Kilpatrick\kilpase01,SG,28,MIL,23,205,11.3,0.515,0.561,0.232,0.6,13.7,7.1,10.9,1.2,0.4,9.1,21.9,0,0.1,0.1,0.035,-1.3,-1.3,-2.6,0
274,Sean Kilpatrick\kilpase01,SG,28,LAC,4,38,10.5,0.503,0.389,0.111,0,5.7,2.9,12.1,0,0,5,22.6,0,0,0,0.029,-0.8,-3.7,-4.5,0
274,Sean Kilpatrick\kilpase01,SG,28,CHI,9,214,17.7,0.574,0.449,0.299,1.4,11.5,6.3,10.5,1.4,1.3,9,27.1,0.2,0.1,0.4,0.083,2.5,-1.2,1.3,0.2
275,Maxi Kleber\klebima01,PF,26,DAL,72,1206,13.4,0.576,0.414,0.191,6.3,15.6,10.8,6.4,1.1,3.5,8.2,13.7,1.6,1.2,2.8,0.113,-1,0.5,-0.5,0.5
276,Furkan Korkmaz\korkmfu01,SG,20,PHI,14,80,3.4,0.386,0.607,0.143,2.8,11.7,7.4,6.7,1.2,1,6.3,16.9,-0.1,0.1,0,-0.006,-6.6,-1,-7.6,-0.1
277,Luke Kornet\kornelu01,PF,22,NYK,20,326,13.6,0.516,0.632,0.088,3.8,18,10.9,11.6,0.9,4.2,8.5,19,0.2,0.3,0.5,0.077,0.4,-0.2,0.2,0.2
278,Kyle Korver\korveky01,SG,36,CLE,73,1574,13.4,0.652,0.777,0.149,0.7,10.9,5.9,8,1,1.5,9.6,16,2.8,0.6,3.4,0.104,1.5,-1.2,0.2,0.9
279,Kosta Koufos\koufoko01,C,28,SAC,71,1391,17.5,0.566,0,0.19,11.7,27.6,19.3,9.7,1.7,2.2,10.4,15.2,2.3,1.5,3.9,0.134,-0.2,-0.2,-0.4,0.6
280,Kyle Kuzma\kuzmaky01,PF,22,LAL,77,2401,14.2,0.549,0.418,0.2,3.9,17.4,10.7,9.1,1,1.1,11,22.5,1.5,2.3,3.8,0.077,0.3,-1,-0.7,0.8
281,Mindaugas Kuzminskas\kuzmimi01,SF,28,NYK,1,2,-41.1,0,0,0,0,0,0,0,0,0,0,43.7,0,0,0,-1.065,-33,-21.7,-54.7,0
282,Skal Labissière\labissk01,PF,21,SAC,60,1240,14.3,0.513,0.111,0.258,8.7,18.1,13.2,9.1,1,3.7,12.5,21.1,0.4,1,1.4,0.054,-1.9,-0.8,-2.7,-0.2
283,Jeremy Lamb\lambje01,SG,25,CHO,80,1967,17,0.559,0.305,0.25,2.7,15.4,8.9,15.4,1.5,1.4,9.1,22.4,3,1.9,4.9,0.12,1.3,0.2,1.6,1.8
284,Shane Larkin\larkish01,PG,25,BOS,54,775,10.3,0.491,0.393,0.169,2.1,10.7,6.5,18.5,1.9,0.2,12.3,15.5,0.3,1.1,1.4,0.087,-2.8,1.1,-1.7,0.1
285,Joffrey Lauvergne\lauvejo01,C,26,SAS,55,534,16.5,0.536,0.026,0.247,13,22.6,17.8,12.2,0.9,0.5,13.5,20.4,0.6,0.7,1.3,0.12,-0.4,-0.6,-1,0.1
286,Zach LaVine\lavinza01,SG,22,CHI,24,656,14.6,0.499,0.346,0.301,1.4,14.4,7.7,18.6,1.8,0.5,9.7,29.5,-0.1,0.5,0.3,0.025,-0.8,-1.5,-2.3,-0.1
287,Jake Layman\laymaja01,SF,23,POR,35,160,4.9,0.352,0.426,0.064,2.8,8.1,5.5,9.4,1.9,2,9.4,14.6,-0.3,0.2,-0.1,-0.021,-4.8,0.4,-4.3,-0.1
288,T.J. Leaf\leaftj01,PF,20,IND,53,459,10.7,0.545,0.309,0.118,7.2,13,10.1,2.8,0.5,0.8,6.5,14.9,0.5,0.3,0.8,0.082,-1.4,-1.7,-3.1,-0.1
289,Courtney Lee\leeco01,SG,32,NYK,76,2310,13,0.564,0.368,0.164,1.4,9.3,5.4,11.3,1.7,0.6,9.4,16.9,2.7,1.2,3.9,0.082,-0.1,-0.2,-0.3,1
290,Damion Lee\leeda03,SG,25,ATL,15,404,12,0.489,0.395,0.191,3,16.6,9.8,11.2,2.3,0.2,7.8,19.3,0,0.4,0.4,0.046,-2.3,0.4,-1.9,0
291,Walt Lemon Jr.\lemonwa01,PG,25,NOP,5,35,6.9,0.491,0.063,0.188,0,6,3.1,21.1,0,2.3,18.8,26.4,-0.1,0,-0.1,-0.071,-5.3,-2.9,-8.2,-0.1
292,Alex Len\lenal01,C,24,PHO,69,1395,19.4,0.612,0.008,0.611,13.2,26.7,19.8,9.1,0.9,3.5,14,17,3.2,1.3,4.5,0.154,0.6,-0.3,0.3,0.8
293,Kawhi Leonard\leonaka01,SF,26,SAS,9,210,26,0.572,0.315,0.342,3.1,19.1,11.1,17.7,4.3,3.6,11.1,30.6,0.3,0.5,0.9,0.196,5.2,4.9,10.1,0.6
294,Meyers Leonard\leoname01,C,25,POR,33,254,17.8,0.676,0.333,0.141,5.2,24.7,15,10.6,1.4,0,10.8,16.1,0.7,0.3,1.1,0.2,1,0.9,2,0.3
295,Jon Leuer\leuerjo01,PF,28,DET,8,136,8.9,0.505,0.083,0.417,5.6,20.7,13,5.3,0.4,2,14.1,16.1,0,0.1,0.1,0.05,-4.3,-0.3,-4.6,-0.1
296,Caris LeVert\leverca01,SF,23,BRK,71,1864,14.2,0.525,0.333,0.254,3,11.9,7.4,26,2.1,0.9,15.8,22.5,0.7,1.6,2.3,0.058,-0.8,0,-0.8,0.6
297,DeAndre Liggins\liggide01,SG,29,TOT,58,724,6,0.467,0.5,0.047,1.1,10.6,5.9,8.4,2.5,1.6,15.6,7.9,-0.2,0.7,0.5,0.034,-4.3,1.8,-2.5,-0.1
297,DeAndre Liggins\liggide01,SG,29,MIL,31,480,5,0.424,0.554,0.077,1.2,10.7,6,7.3,2.8,1.8,16.2,7.5,-0.3,0.5,0.2,0.02,-4.8,1.9,-2.8,-0.1
297,DeAndre Liggins\liggide01,SG,29,NOP,27,244,7.8,0.537,0.415,0,0.9,10.3,5.8,10.7,2,1.3,14.6,8.5,0.1,0.2,0.3,0.062,-3.3,1.5,-1.8,0
298,Damian Lillard\lillada01,PG,27,POR,73,2670,25.2,0.594,0.445,0.38,2.6,10.6,6.6,30.9,1.4,0.8,11.1,30.6,9.9,2.7,12.6,0.227,7,0.3,7.2,6.3
299,Jeremy Lin\linje01,PG,29,BRK,1,25,15.9,0.597,0.167,0.583,0,0,0,27.1,0,0,16.6,31.3,0,0,0,0.087,-1,-4.4,-5.4,0
300,Shaun Livingston\livinsh01,PG,32,GSW,71,1129,11.6,0.533,0.015,0.178,3.4,9.2,6.5,16.8,1.5,1.5,13.6,16.6,0.9,0.9,1.8,0.077,-2.8,-0.4,-3.1,-0.3
301,Kevon Looney\looneke01,C,21,GSW,66,910,14.8,0.588,0.026,0.399,11,15.2,13.2,6,1.8,4.9,12,12.4,1.5,1.3,2.8,0.145,-1.2,1,-0.2,0.4
302,Brook Lopez\lopezbr01,C,29,LAL,74,1735,16.5,0.557,0.41,0.199,4.6,13.4,9,11.6,0.8,4.6,10.2,23.5,1.9,1.9,3.8,0.105,0.7,0.2,0.9,1.3
303,Robin Lopez\lopezro01,C,29,CHI,64,1690,14.7,0.552,0.022,0.14,8.2,10.3,9.2,12.3,0.4,2.8,13.5,20.4,1.2,0.7,1.9,0.055,-0.9,-1.3,-2.2,-0.1
304,Kevin Love\loveke01,C,29,CLE,59,1651,22.4,0.614,0.453,0.365,7,29.8,18.6,9.8,1.3,1.2,9.6,25.1,4.7,1.6,6.4,0.185,4.5,-1.3,3.3,2.2
305,Kyle Lowry\lowryky01,PG,31,TOR,78,2510,19.5,0.598,0.631,0.276,3,16.1,9.7,30.9,1.7,0.6,14.7,21.7,7,3.1,10.2,0.194,4.7,0.5,5.2,4.5
306,Timothé Luwawu-Cabarrot\luwawti01,SF,22,PHI,52,807,7,0.511,0.592,0.217,1.9,7.5,4.8,9.3,0.7,0.5,11.5,17.5,0.1,0.7,0.8,0.046,-3.1,-1.1,-4.1,-0.4
307,Tyler Lydon\lydonty01,PF,21,DEN,1,2,0,,,,0,0,0,0,0,0,,0,0,0,0,-0.014,-3.9,-1.6,-5.4,0
308,Trey Lyles\lylestr01,PF,22,DEN,73,1391,17.9,0.591,0.396,0.26,4.5,23.5,14,10.1,1.1,2,9.1,21.1,2.7,1.2,3.9,0.135,2,-0.7,1.3,1.1
309,Shelvin Mack\macksh01,PG,27,ORL,69,1365,13.3,0.518,0.336,0.234,1.8,11.6,6.7,29.5,1.9,0.5,16.3,17.6,1,1,1.9,0.069,-1.2,-0.2,-1.4,0.2
310,Josh Magette\magetjo01,PG,28,ATL,18,216,11.9,0.464,0.478,0.174,1,8.8,4.9,36.4,1.8,0.4,15.4,11.8,0.3,0.1,0.4,0.092,-2,-0.6,-2.6,0
311,Ian Mahinmi\mahinia01,C,31,WAS,77,1145,12.2,0.601,0.008,0.516,13.4,17.4,15.4,6.6,1.6,3.2,24.7,15.6,0.8,1.4,2.2,0.093,-4.6,0.2,-4.4,-0.7
312,Thon Maker\makerth01,C,20,MIL,74,1238,10.2,0.499,0.329,0.294,7.1,14.1,10.6,5.2,1.5,3.7,11,14.6,0.3,1.1,1.5,0.056,-3.2,-0.4,-3.5,-0.5
313,Boban Marjanović\marjabo01,C,29,TOT,39,337,26,0.616,0,0.655,15.7,31.4,23.5,11.2,1.5,2.8,15.9,29.4,1,0.5,1.5,0.215,2.3,0.2,2.5,0.4
313,Boban Marjanović\marjabo01,C,29,DET,19,171,21.6,0.597,0,0.57,9.5,27.7,18.4,14.4,1.2,3.1,18.2,31.3,0.2,0.3,0.5,0.138,-0.4,1.2,0.8,0.1
313,Boban Marjanović\marjabo01,C,29,LAC,20,166,30.6,0.637,0,0.754,22.1,35.2,28.8,7.9,1.8,2.5,13.2,27.5,0.7,0.3,1,0.293,5,-0.8,4.2,0.3
314,Lauri Markkanen\markkla01,PF,20,CHI,68,2020,15.6,0.552,0.465,0.193,4,23.7,13.5,6.4,0.9,1.8,8.2,21.9,1.7,1.6,3.3,0.079,1,-1.2,-0.2,0.9
315,Jarell Martin\martija01,PF,23,MEM,73,1661,10.5,0.516,0.198,0.234,6.6,15.8,11.1,7,1.2,2.8,13.6,17.1,0.1,1.2,1.3,0.038,-3.3,-0.7,-4,-0.8
316,Frank Mason III\masonfr01,PG,23,SAC,52,984,13,0.48,0.226,0.303,3.3,12.1,7.5,22.7,1.7,1,13.1,22.6,0,0.6,0.5,0.027,-1.3,-1,-2.3,-0.1
317,Mangok Mathiang\mathima01,C,25,CHO,4,20,18,0.538,0,0.143,16,38.5,27.1,0,2.4,0,0,16.1,0,0,0.1,0.183,-3.3,-1.3,-4.6,0
318,Wesley Matthews\matthwe02,SF,31,DAL,63,2131,11.4,0.541,0.577,0.145,1.4,9.2,5.2,12.3,1.8,0.7,10.1,17.6,1,1.6,2.6,0.059,-1,0.1,-0.9,0.6
319,Luc Mbah a Moute\mbahalu01,PF,31,HOU,61,1564,10.3,0.595,0.501,0.275,1.6,11.7,6.7,5,2.3,1.4,15,12.8,0.8,2.1,2.8,0.087,-1.6,1.4,-0.2,0.7
320,James Michael McAdoo\mcadoja01,PF,25,PHI,3,18,7.4,0.508,1,0.286,0,11.5,6,0,0,4.6,11.3,21,0,0,0,0.023,-2.3,-0.7,-3,0
321,Patrick McCaw\mccawpa01,SG,22,GSW,57,961,7.4,0.477,0.356,0.151,2,7.2,4.8,10.6,2.2,0.8,14.6,12.8,-0.3,0.8,0.6,0.029,-4.3,0.1,-4.1,-0.5
322,CJ McCollum\mccolcj01,SG,26,POR,81,2923,17,0.536,0.316,0.166,2,9.9,6,15.8,1.3,1,8.6,26.5,3.7,2.9,6.6,0.108,1.8,-0.5,1.2,2.4
323,T.J. McConnell\mccontj01,PG,25,PHI,76,1706,12.5,0.545,0.147,0.093,2.4,11.5,7.1,24.5,2.6,0.6,20.4,13.8,1.3,2.5,3.8,0.108,-1.9,1.9,0,0.9
324,Erik McCree\mccreer01,SF,24,UTA,4,8,-8.9,0,0.5,0,0,14,7.1,0,6.3,0,33.3,16.9,-0.1,0,-0.1,-0.334,-14.7,1,-13.7,0
325,Chris McCullough\mcculch01,PF,22,WAS,19,90,15.8,0.478,0.19,0.333,8.8,22.6,15.7,7.1,0,4.9,4,24.6,0.1,0.1,0.2,0.081,-0.3,-1.5,-1.8,0
326,Doug McDermott\mcderdo01,SF,26,TOT,81,1768,10.4,0.579,0.425,0.159,2.5,10.2,6.3,6.5,0.5,0.8,9.3,15,1.7,0.6,2.3,0.063,-1,-1.3,-2.2,-0.1
326,Doug McDermott\mcderdo01,SF,26,NYK,55,1172,9.9,0.562,0.418,0.162,3.1,9.5,6.3,6,0.4,0.9,8.8,14.4,1.1,0.3,1.3,0.055,-0.7,-1.4,-2.1,0
326,Doug McDermott\mcderdo01,SF,26,DAL,26,596,11.5,0.611,0.439,0.156,1.3,11.4,6.1,7.5,0.8,0.6,10.3,16.3,0.6,0.3,1,0.077,-1.5,-1,-2.6,-0.1
327,JaVale McGee\mcgeeja01,C,30,GSW,65,615,22.3,0.641,0.027,0.237,11.5,18.7,15.4,8,1.6,7.3,10,19.2,1.7,1.1,2.7,0.212,0.3,1.2,1.5,0.5
328,Rodney McGruder\mcgruro01,SG,26,MIA,18,299,12,0.595,0.479,0.11,4.1,8.3,6.2,8.4,1.3,0.9,5,12.1,0.5,0.3,0.8,0.125,-1,-0.3,-1.4,0.1
329,Trey McKinney-Jones\mckintr01,SG,27,IND,1,1,0,,,,0,0,0,0,0,0,,0,0,0,0,-0.001,-6.2,-2.3,-8.5,0
330,Alfonzo McKinnie\mckinal01,SF,25,TOR,14,53,10.1,0.643,0.6,0.2,2.2,12.4,7.4,2.7,0.9,1.5,15.5,16,0,0.1,0.1,0.084,-2.6,-0.4,-3,0
331,Ben McLemore\mclembe01,SG,24,MEM,56,1091,9.7,0.526,0.426,0.172,3.5,11.4,7.4,7.5,1.8,1.3,13.2,19,-0.2,0.7,0.5,0.023,-2.9,-1,-3.9,-0.5
332,Josh McRoberts\mcrobjo01,PF,30,DAL,2,6,-12.5,0,1,0,0,0,0,0,0,0,0,7.6,0,0,0,-0.19,-17.9,-3.6,-21.4,0
333,Jodie Meeks\meeksjo01,SG,30,WAS,77,1119,12.4,0.548,0.534,0.298,1.5,11.2,6.4,9.1,1.3,0.3,7.7,19,1.3,0.8,2,0.087,-0.3,-0.8,-1.1,0.3
334,Salah Mejri\mejrisa01,C,31,DAL,61,729,17.8,0.644,0.022,0.482,12.5,25.4,18.7,7.2,1.5,8.2,19,12.8,1.3,1.3,2.7,0.175,-2,2.8,0.7,0.5
335,Jordan Mickey\mickejo01,PF,23,MIA,23,284,10.6,0.515,0.195,0.232,7.1,24.9,16,4.8,1.1,3,16.6,17.1,-0.1,0.4,0.3,0.054,-5.2,-0.3,-5.6,-0.3
336,Khris Middleton\middlkh01,SF,26,MIL,82,2982,17.4,0.577,0.32,0.285,1.8,15,8.4,17.7,2,0.6,11.8,24.6,4.6,2.3,6.9,0.111,0.8,-0.8,0,1.5
337,C.J. Miles\milescj01,SF,30,TOR,70,1337,13,0.545,0.758,0.162,1.5,11,6.4,6,1.4,1.3,5.7,22.3,1.4,1.5,2.9,0.103,1,-0.7,0.3,0.8
338,Darius Miller\milleda01,SF,27,NOP,82,1944,9.3,0.617,0.735,0.138,1,7.9,4.6,7.5,0.7,0.7,10.1,12.8,2.1,0.9,3,0.075,-1.1,-0.8,-1.9,0.1
339,Malcolm Miller\millema01,SF,24,TOR,15,126,8.9,0.638,0.75,0.143,3.6,9.6,6.7,3.2,0.4,1.3,14.4,12.1,0.1,0.1,0.2,0.087,-0.8,-0.2,-1,0
340,Patty Mills\millspa02,PG,29,SAS,82,2107,11.8,0.558,0.607,0.173,1.4,6.8,4.1,16,1.3,0.4,12.6,17.8,2,2.1,4.1,0.093,-0.6,-0.4,-1,0.5
341,Paul Millsap\millspa01,PF,32,DEN,38,1143,17,0.549,0.26,0.37,6.4,17.6,12.1,13.9,1.7,3.2,12.6,22,1.4,1.1,2.5,0.107,0.4,0,0.4,0.7
342,Nikola Mirotić\mirotni01,PF,26,TOT,55,1494,18.7,0.577,0.523,0.2,4.3,24.9,14.6,8.6,1.4,2.2,7.7,23.4,2.2,1.8,4,0.128,2.5,-0.3,2.2,1.6
342,Nikola Mirotić\mirotni01,PF,26,CHI,25,622,22,0.624,0.533,0.262,3,25.3,13.7,11,1.2,1.9,8.4,25.7,1.5,0.6,2,0.158,4.9,-0.3,4.6,1
342,Nikola Mirotić\mirotni01,PF,26,NOP,30,872,16.3,0.539,0.516,0.152,5.3,24.6,15.3,6.8,1.6,2.4,7.1,21.8,0.7,1.2,1.9,0.106,0.8,-0.3,0.5,0.5
343,Donovan Mitchell\mitchdo01,SG,21,UTA,79,2638,16.7,0.541,0.404,0.218,2.3,10.4,6.4,19.4,2.2,0.9,12.6,29.1,1.4,3.8,5.2,0.095,0.9,0.3,1.2,2.2
344,Naz Mitrou-Long\mitrona01,SG,24,UTA,1,1,133.8,1.5,1,0,0,0,0,0,0,0,0,45,0.1,0,0.1,2.712,199.4,42.7,242.2,0
345,Malik Monk\monkma01,SG,19,CHO,63,854,10.2,0.477,0.572,0.089,1,7.5,4.2,16.9,1.1,0.9,10,24.9,-0.5,0.5,0,0,-1.3,-2,-3.4,-0.3
346,Greg Monroe\monrogr01,C,27,TOT,51,1040,21.2,0.598,0,0.308,11.4,25.2,18.3,18.7,2.1,1.8,17.7,22.4,1.8,1.6,3.4,0.155,1.3,1,2.2,1.1
346,Greg Monroe\monrogr01,C,27,MIL,5,79,11.1,0.489,0,0.121,8.9,28.1,18.5,10.2,0,0,14.7,23.3,-0.1,0,0,-0.013,-3.2,-2.4,-5.6,-0.1
346,Greg Monroe\monrogr01,C,27,PHO,20,465,21,0.642,0,0.297,11.3,25.7,18.4,18.2,1.6,1,18.6,19.6,1,0.4,1.4,0.142,2.1,0,2.1,0.5
346,Greg Monroe\monrogr01,C,27,BOS,26,496,23,0.58,0,0.348,11.9,24.4,18.2,20.5,2.8,2.9,17.4,24.9,0.8,1.1,2,0.193,1.2,2.4,3.6,0.7
347,Luis Montero\montelu01,SG,24,DET,2,8,-15.5,0,0,0,0,28.2,13.8,0,0,0,66.7,16.6,-0.1,0,-0.1,-0.445,-19,-6.6,-25.6,0
348,Ben Moore\moorebe01,PF,22,IND,2,9,-2.3,,,,0,12.5,6.3,13.1,0,0,,0,0,0,0,0.072,-10.5,1.3,-9.3,0
349,E'Twaun Moore\mooreet01,SG,28,NOP,82,2586,12.1,0.593,0.362,0.082,2.5,7.3,5,10.1,1.5,0.4,10.6,16.1,2.8,1.6,4.4,0.081,-1,-0.5,-1.6,0.3
350,Eric Moreland\moreler01,PF,26,DET,67,805,13.9,0.531,0,0.238,10.9,27.6,19.1,13.3,1.9,5.6,23.8,9.7,0.7,1.6,2.3,0.135,-2.8,3.3,0.5,0.5
351,Jaylen Morris\morrija01,SG,22,ATL,6,98,6.5,0.438,0.313,0,2.3,15.9,9.1,10.8,1,0.9,15.8,16.9,-0.2,0.1,-0.1,-0.053,-4.4,-1,-5.4,-0.1
352,Marcus Morris\morrima03,PF,28,BOS,54,1442,14.5,0.541,0.383,0.252,3.3,18.4,11,8.2,1.2,0.7,8.7,23,1.1,2.2,3.2,0.108,-0.1,-0.1,-0.1,0.7
353,Markieff Morris\morrima02,PF,28,WAS,73,1968,13.2,0.566,0.301,0.186,4.3,19.2,11.8,11,1.4,1.7,14.6,19.5,1.2,2.1,3.3,0.08,-1.3,0.1,-1.3,0.4
354,Monte Morris\morrimo01,PG,22,DEN,3,25,27.1,0.727,0.167,0.333,0,9,4.5,41.2,5.9,0,12.7,13.7,0.1,0,0.2,0.312,4.3,5,9.4,0.1
355,Johnathan Motley\motlejo01,PF,22,DAL,11,176,17.2,0.55,0.08,0.373,8.5,22.9,15.5,7.1,0.9,1,9.3,24.9,0.1,0.2,0.3,0.084,-1.3,-2,-3.3,-0.1
356,Timofey Mozgov\mozgoti01,C,31,BRK,31,359,12.3,0.617,0.194,0.323,9.4,19.7,14.5,4.8,0.7,2.7,23.7,16.8,0.1,0.3,0.4,0.055,-3.3,-0.6,-3.9,-0.2
357,Emmanuel Mudiay\mudiaem01,PG,21,TOT,64,1245,11.5,0.474,0.281,0.245,2.3,11.3,6.8,24.5,1.6,0.8,16.2,24.4,-0.8,0.7,0,-0.002,-2.1,-1.8,-3.9,-0.6
357,Emmanuel Mudiay\mudiaem01,PG,21,DEN,42,752,12.3,0.504,0.317,0.242,2.4,11.6,7,24.1,1.4,0.4,16.8,24.8,0,0.3,0.3,0.019,-1.4,-2.1,-3.5,-0.3
357,Emmanuel Mudiay\mudiaem01,PG,21,NYK,22,493,10.2,0.428,0.225,0.25,2.3,10.8,6.5,25,2,1.2,15.3,23.7,-0.7,0.4,-0.3,-0.034,-3.3,-1.4,-4.6,-0.3
358,Shabazz Muhammad\muhamsh01,SF-SG,25,TOT,43,418,15.4,0.51,0.144,0.266,6.3,14.8,10.6,5.7,1.1,0.6,2.8,23,0.5,0.2,0.7,0.081,-0.3,-2.3,-2.5,-0.1
358,Shabazz Muhammad\muhamsh01,SF,25,MIN,32,301,9.3,0.446,0.157,0.256,5.7,11.6,8.6,3.4,0.8,0.6,3.6,20.5,0,0.1,0,0.008,-3.1,-2.8,-5.9,-0.3
358,Shabazz Muhammad\muhamsh01,SG,25,MIL,11,117,31,0.624,0.119,0.284,8,23,15.5,11.8,1.7,0.7,1.3,29.5,0.6,0.1,0.7,0.271,7,-1,6,0.2
359,Xavier Munford\munfoxa02,SG,25,MIL,6,21,-2.1,0.218,0.333,0.333,5.6,0,2.8,24.6,2.4,0,22.5,19.1,-0.1,0,-0.1,-0.197,-9.3,-2,-11.3,0
360,Dejounte Murray\murrade01,PG,21,SAS,81,1743,15.1,0.485,0.056,0.243,7,22.4,14.6,20.2,2.8,1.5,16.6,20.7,-0.2,3.4,3.2,0.087,-1.6,2.2,0.5,1.1
361,Jamal Murray\murraja01,PG,20,DEN,81,2565,16.1,0.576,0.411,0.238,3.6,9.4,6.5,16.4,1.5,0.9,12.8,22.8,4.3,1.2,5.5,0.103,1.2,-1.5,-0.3,1.1
362,Mike Muscala\muscami01,C,26,ATL,53,1060,14.4,0.597,0.535,0.199,5.9,18.3,12.1,7.3,1.4,2.2,11,15.7,1.5,0.9,2.4,0.109,0.3,0.1,0.3,0.6
363,Abdel Nader\naderab01,SF,24,BOS,48,522,5.1,0.439,0.436,0.262,2.8,12,7.4,7.1,1.4,1.6,17,17.1,-0.9,0.8,-0.1,-0.014,-5.5,0.2,-5.3,-0.4
364,Larry Nance Jr.\nancela02,C,25,TOT,66,1421,20.2,0.605,0.029,0.332,12.4,22,17.3,8.6,3,2.2,9.7,15.9,3.5,2.3,5.8,0.196,0.9,1.5,2.4,1.6
364,Larry Nance Jr.\nancela02,C,25,LAL,42,922,19.4,0.618,0.016,0.344,12.6,20.2,16.4,9.2,3.1,1.8,12.3,15.3,2.1,1.5,3.7,0.191,0.6,1.8,2.4,1
364,Larry Nance Jr.\nancela02,C,25,CLE,24,499,21.5,0.585,0.05,0.313,12.1,25.5,18.9,7.6,2.8,3.1,5.2,17,1.4,0.7,2.1,0.206,1.5,0.7,2.2,0.5
365,Shabazz Napier\napiesh01,PG,26,POR,74,1535,14.2,0.544,0.411,0.26,1.9,10.1,6,14.6,2.6,0.7,13.2,19.5,1.2,2,3.2,0.101,-0.7,1.4,0.7,1
366,Jameer Nelson\nelsoja01,PG,35,TOT,50,1013,8.1,0.489,0.508,0.082,1.4,9.5,5.6,22.8,1.3,0.3,21,13.7,-0.1,0.7,0.6,0.028,-2.9,-0.4,-3.3,-0.3
366,Jameer Nelson\nelsoja01,PG,35,NOP,43,897,8.9,0.52,0.537,0.083,1.4,9.9,5.8,22.2,1.2,0.3,20.9,13,0.3,0.6,0.8,0.045,-2.3,-0.3,-2.6,-0.1
366,Jameer Nelson\nelsoja01,PG,35,DET,7,116,2.6,0.322,0.359,0.077,1.9,5.8,3.8,27.7,1.7,0.8,21.4,19.6,-0.4,0.1,-0.3,-0.107,-7.4,-1,-8.4,-0.2
367,Raul Neto\netora01,PG,25,UTA,41,498,11.9,0.55,0.311,0.232,1.6,9.5,5.6,23,1.3,0.7,17.8,18.3,0.3,0.6,0.9,0.086,-1.6,0.2,-1.4,0.1
368,Georges Niang\niangge01,PF,24,UTA,9,32,9.2,0.379,0.364,0.182,10.8,21.1,16,14,3.1,0,20.2,20.9,-0.1,0.1,0,-0.029,-4.9,0.9,-4,0
369,Joakim Noah\noahjo01,C,32,NYK,7,40,15.6,0.51,0,0.4,16.7,22.1,19.4,14,2.5,4.3,25.4,17.2,0,0.1,0.1,0.072,-2.5,1.7,-0.8,0
370,Nerlens Noel\noelne01,C,23,DAL,30,472,16.2,0.558,0.01,0.267,10.9,29.3,19.8,6.3,3.3,4.1,18.1,13.8,0.4,1,1.3,0.135,-2.2,2.7,0.5,0.3
371,Lucas Nogueira\noguelu01,C,25,TOR,49,418,17.3,0.661,0.238,0.35,4.9,18.1,11.7,7.2,2.7,8.2,14.8,11.4,0.7,1,1.6,0.188,0.1,5,5.2,0.8
372,Dirk Nowitzki\nowitdi01,C,39,DAL,77,1900,16.7,0.575,0.445,0.142,1.2,25.2,12.8,10.4,1.1,2.1,6,20.5,2.6,2.2,4.8,0.121,1.7,0.6,2.3,2.1
373,Frank Ntilikina\ntilila01,PG,19,NYK,78,1706,7,0.437,0.314,0.136,2.4,9.1,5.8,20,1.9,0.9,19.8,16.9,-2,1.1,-0.9,-0.026,-4.5,-0.5,-5,-1.3
374,Jusuf Nurkić\nurkiju01,C,23,POR,79,2088,19.2,0.528,0.007,0.287,10,26.9,18.5,11.7,1.5,4.3,14.6,26.4,0.8,3.9,4.7,0.108,-1.1,1.1,0,1.1
375,David Nwaba\nwabada01,SG,25,CHI,70,1646,12.2,0.542,0.123,0.48,5.6,16,10.6,9.4,1.7,1.6,13.1,15.6,1.1,1.4,2.4,0.071,-2.7,0.2,-2.5,-0.2
376,Johnny O'Bryant\obryajo01,PF,24,CHO,36,379,11.9,0.47,0.251,0.146,8.1,18.6,13.3,5.9,1.2,1.3,7.6,22.5,-0.1,0.4,0.3,0.038,-2.9,-1.5,-4.4,-0.2
377,Royce O'Neale\onealro01,SF,24,UTA,69,1150,10.8,0.54,0.415,0.268,2.5,20.6,11.7,12,1.6,1.2,14.8,14.6,0.5,1.8,2.4,0.099,-2,1.8,-0.2,0.5
378,Kyle O'Quinn\oquinky01,C,27,NYK,77,1387,20,0.625,0.044,0.331,9.7,27.8,18.8,16.8,1.3,6.1,18.5,17,2.7,2.1,4.8,0.166,0.4,2.6,3.1,1.8
379,Semi Ojeleye\ojelese01,PF,23,BOS,73,1150,4.6,0.473,0.665,0.218,3.6,11.6,7.7,2.4,0.9,0.3,10.8,9,-0.2,1.3,1.2,0.048,-4.6,-0.1,-4.7,-0.8
380,Emeka Okafor\okafoem01,C,35,NOP,26,353,16.4,0.545,0,0.232,14.9,21.7,18.4,3.1,1.1,5.6,11,14.4,0.5,0.5,1,0.14,-1.1,-0.2,-1.2,0.1
381,Jahlil Okafor\okafoja01,C,22,TOT,28,353,15.3,0.584,0.029,0.21,6.3,19.4,12.8,5.9,0.4,3.9,12.2,21,0.3,0.3,0.6,0.083,-1.8,0,-1.7,0
381,Jahlil Okafor\okafoja01,C,22,PHI,2,25,8.8,0.465,0,0.444,17.9,20.7,19.4,5.8,0,6.7,21.8,23.5,0,0,0,0.005,-6.4,0.1,-6.3,0
381,Jahlil Okafor\okafoja01,C,22,BRK,26,328,15.8,0.593,0.031,0.194,5.5,19.3,12.3,5.9,0.4,3.6,11.4,20.9,0.3,0.3,0.6,0.089,-1.4,0,-1.4,0
382,Victor Oladipo\oladivi01,SG,25,IND,75,2552,23.1,0.577,0.323,0.274,2.1,15.1,8.6,21.2,3.5,2,12.7,30.1,4.3,4,8.2,0.155,4.1,1.7,5.8,5
383,Kelly Olynyk\olynyke01,PF,26,MIA,76,1779,17.8,0.612,0.44,0.274,5.6,21.6,13.6,18.7,1.7,1.7,17.1,21.7,2.8,2.7,5.5,0.148,1.1,1.2,2.3,1.9
384,Chinanu Onuaku\onuakch01,C,21,HOU,1,22,-3.2,0.4,0,0,5.2,15.2,10.2,6.4,0,0,37.5,16.1,-0.1,0,-0.1,-0.147,-13,-1.7,-14.7,-0.1
385,Cedi Osman\osmande01,SF,22,CLE,61,672,11,0.577,0.468,0.247,3.2,16.6,10,8.7,1.6,0.4,13.4,15.7,0.5,0.4,0.9,0.064,-2.1,-0.7,-2.9,-0.1
386,Kelly Oubre Jr.\oubreke01,SF,22,WAS,81,2231,11.9,0.534,0.467,0.295,3,15.4,9.2,6.4,1.8,1.4,9.2,19.4,1.4,2.3,3.7,0.08,-1.6,-0.1,-1.7,0.2
387,Zaza Pachulia\pachuza01,C,33,GSW,69,972,17,0.612,0.004,0.352,11,25,18.5,15.2,1.9,1.4,19.1,17,1.8,1.4,3.3,0.161,-0.7,0.7,0,0.5
388,Marcus Paige\paigema01,PG,24,CHO,5,28,9.1,0.403,0.571,0.143,0,15.7,7.7,16.1,0,0,0,23,0,0,0,-0.006,-5.6,-3.2,-8.8,0
389,Georgios Papagiannis\papagge01,C,20,TOT,17,122,12.2,0.429,0,0,11.6,23.4,17.2,11.2,1.6,4.7,16,18.4,-0.1,0.1,0,0.005,-3.9,-0.3,-4.1,-0.1
389,Georgios Papagiannis\papagge01,C,20,SAC,16,118,10.7,0.415,0,0,11.1,24.2,17.4,11.5,0.9,4.8,16.3,18.7,-0.2,0.1,0,-0.018,-4.7,-1,-5.6,-0.1
389,Georgios Papagiannis\papagge01,C,20,POR,1,4,58.1,1,0,0,27.5,0,13.6,0,24.9,0,0,11,0,0,0.1,0.675,20.2,19.7,39.9,0
390,Jabari Parker\parkeja01,PF,22,MIL,31,743,17.1,0.55,0.244,0.163,6.6,17.1,11.9,13.1,1.7,1.2,11.2,24.4,0.6,0.6,1.2,0.08,0.9,-1.7,-0.8,0.2
391,Tony Parker\parketo01,PG,35,SAS,55,1071,12.7,0.498,0.095,0.201,0.7,9.2,4.9,28.2,1.3,0.1,13.9,20.5,0.4,1.1,1.4,0.065,-2.3,-0.9,-3.3,-0.3
392,Chandler Parsons\parsoch01,SF,29,MEM,36,691,13.6,0.578,0.517,0.115,2.3,13,7.5,16.4,1.3,1.5,12.5,18.3,0.7,0.4,1.1,0.077,1.2,-0.4,0.8,0.5
393,Patrick Patterson\pattepa01,PF,28,OKC,82,1270,10,0.555,0.643,0.173,2.7,14.6,8.4,6.1,1.9,1.6,10.3,10.8,1.2,1.4,2.6,0.098,-1.2,1,-0.2,0.6
394,Justin Patton\pattoju01,C,20,MIN,1,4,19.8,0.5,0,0,0,0,0,0,12.5,0,0,22.1,0,0,0,0.151,-2.2,5.4,3.2,0
395,Brandon Paul\paulbr01,SG,26,SAS,64,576,7.4,0.504,0.425,0.339,1.1,12,6.5,9,2.2,1,16.6,13.6,-0.3,0.8,0.5,0.045,-5.1,1.6,-3.5,-0.2
396,Chris Paul\paulch01,PG,32,HOU,58,1847,24.4,0.604,0.475,0.277,2.3,16.7,9.5,40.9,2.6,0.6,12.5,24.5,7.5,2.7,10.2,0.265,5.2,1.8,7.1,4.2
397,Adreian Payne\paynead01,PF,26,ORL,5,43,18.8,0.831,0.3,0.6,5.1,18,11.5,0,2.3,0,13.7,15,0.1,0,0.2,0.203,1.8,0.6,2.4,0
398,Cameron Payne\payneca01,PG,23,CHI,25,582,14,0.498,0.423,0.074,3.2,9.8,6.4,29.9,2.2,1.4,14,19.3,0.3,0.4,0.8,0.063,-0.1,-0.3,-0.4,0.2
399,Elfrid Payton\paytoel01,PG,23,TOT,63,1808,16.5,0.538,0.138,0.252,3.8,12.8,8.2,34.9,2.2,1,18.5,21.9,1.4,1.4,2.8,0.075,0.1,-0.3,-0.2,0.8
399,Elfrid Payton\paytoel01,PG,23,ORL,44,1257,18.1,0.564,0.146,0.249,4.1,11.2,7.6,35.5,2.5,1,18.3,21.8,1.6,1.1,2.7,0.104,1,0.1,1.1,1
399,Elfrid Payton\paytoel01,PG,23,PHO,19,551,13.1,0.481,0.12,0.258,3.2,16.3,9.7,33.7,1.7,0.9,18.8,22.1,-0.2,0.3,0.1,0.009,-2.1,-1.1,-3.2,-0.2
400,Gary Payton II\paytoga02,PG,25,TOT,23,221,9.8,0.443,0.338,0.122,6.5,15.5,11,13.7,1.5,1.1,8.2,16.8,0,0.2,0.2,0.041,-3.5,-0.4,-3.9,-0.1
400,Gary Payton II\paytoga02,PG,25,MIL,12,106,7.6,0.437,0.364,0.091,4.4,14.3,9.4,12.2,1.4,0.8,8,15.9,0,0.1,0,0.016,-4.6,-0.7,-5.3,-0.1
400,Gary Payton II\paytoga02,PG,25,LAL,11,115,11.8,0.447,0.317,0.146,8.4,16.5,12.5,15.1,1.7,1.4,8.4,17.6,0,0.1,0.2,0.063,-2.5,-0.1,-2.6,0
401,Kendrick Perkins\perkike01,C,33,CLE,1,15,8.4,0.521,0,1,0,7.4,3.7,17.3,3.3,0,25.8,11.4,0,0,0,0.026,-4.3,2.1,-2.2,0
402,London Perrantes\perralo01,PG,23,CLE,14,66,0.7,0.23,0.231,0.385,1.7,5,3.4,9.4,1.5,1.3,6.2,10.9,-0.1,0,-0.1,-0.086,-8.3,-0.9,-9.2,-0.1
403,Alec Peters\peteral01,PF,22,PHO,20,225,10.7,0.523,0.784,0.135,3.7,14,8.8,7.9,0.4,0.7,4.9,15.5,0.2,0,0.3,0.055,-0.5,-2.3,-2.8,0
404,Marshall Plumlee\plumlma02,C,25,MIL,8,52,10.9,0.697,0,5.333,9,29.2,19.2,4.8,0,1.6,23,11.3,0.1,0,0.2,0.143,-3.9,-0.6,-4.5,0
405,Mason Plumlee\plumlma01,C,27,DEN,74,1439,16.9,0.586,0.003,0.486,10.4,20.9,15.6,14.4,1.7,4.7,18.7,16.6,1.8,1.8,3.6,0.12,-1,1.4,0.5,0.9
406,Miles Plumlee\plumlmi01,C,29,ATL,55,918,10.6,0.574,0,0.333,9.4,18.3,13.9,7.2,0.9,2.8,23.4,12.8,0.1,0.7,0.9,0.046,-3.7,-0.1,-3.8,-0.4
407,Jakob Poeltl\poeltja01,C,22,TOR,82,1524,17.5,0.662,0.005,0.263,12.4,16.4,14.4,5.4,1.3,5.2,16.6,14.8,3.1,2.4,5.6,0.175,-0.7,1.1,0.4,0.9
408,Quincy Pondexter\pondequ01,SF,29,CHI,23,196,4,0.398,0.449,0.347,4.2,10.8,7.4,6.3,2,0.9,16.3,15,-0.3,0.1,-0.2,-0.047,-7,-0.4,-7.4,-0.3
409,Otto Porter Jr.\porteot01,SF,24,WAS,77,2432,18.3,0.602,0.354,0.145,4.8,18.1,11.4,10.1,2.4,1.5,7.4,18.4,5,3.1,8.1,0.161,2.6,1,3.5,3.4
410,Bobby Portis\portibo01,PF,22,CHI,73,1643,19.7,0.548,0.275,0.192,10,23,16.2,13.2,1.5,1.3,10.5,26,2,1.5,3.5,0.101,2.2,-1.3,0.8,1.2
411,Kristaps Porziņģis\porzikr01,PF,22,NYK,48,1553,20.4,0.539,0.256,0.309,4.4,18.1,11.3,6.2,1.1,6.4,8.4,31,1.4,1.8,3.2,0.099,1.9,-0.1,1.8,1.5
412,Dwight Powell\poweldw01,C,26,DAL,79,1672,18.8,0.656,0.195,0.43,8.7,21.3,14.7,8.5,2,1.7,10.3,15.5,4.6,2.1,6.6,0.191,0.6,1,1.6,1.5
413,Norman Powell\powelno01,SG,24,TOR,70,1062,8.5,0.492,0.497,0.104,1.5,10.9,6.3,11.8,1.7,1.2,14.4,18.9,-0.6,1.2,0.6,0.027,-3.2,0.2,-2.9,-0.3
414,Alex Poythress\poythal01,PF,24,IND,25,104,7.8,0.5,0.423,0,7.7,10.8,9.2,2.6,1.4,0.9,7.1,12,0.1,0.1,0.1,0.066,-3.8,-1.3,-5.1,-0.1
415,Taurean Prince\princta02,SF,23,ATL,82,2464,12.8,0.549,0.469,0.185,2.3,15.3,8.8,13.9,1.7,1.5,15.3,22.1,0,2,2,0.038,-0.5,-0.6,-1.1,0.6
416,Jacob Pullen\pulleja01,PG,28,PHI,3,6,-2.3,0.5,0.5,0,0,0,0,0,0,0,33.3,21.3,0,0,0,-0.21,-8.3,-4.4,-12.7,0
417,Rodney Purvis\purviro01,SG,23,ORL,16,290,4.5,0.423,0.486,0.14,0.4,9.9,5.1,8.5,0.5,0.8,8.1,18.7,-0.4,0.1,-0.3,-0.056,-6.1,-2.1,-8.2,-0.5
418,Zhou Qi\qizh01,C,22,HOU,18,124,1.9,0.295,0.594,0.375,5.5,14.4,10,2.1,0.8,9.6,21.2,16.8,-0.5,0.2,-0.3,-0.104,-10.3,0.2,-10.1,-0.3
419,Tim Quarterman\quartti01,SG,23,HOU,3,13,2.9,0.515,0.667,0.667,0,25.8,13,10.6,0,0,34,20,0,0,0,-0.083,-8.5,-1.2,-9.7,0
420,Ivan Rabb\rabbiv01,PF,20,MEM,36,516,16.6,0.599,0,0.237,11.6,24.1,17.7,10.4,1.2,2.4,17.3,17.7,0.7,0.5,1.2,0.109,-0.9,-1.2,-2,0
421,Julius Randle\randlju01,C,23,LAL,82,2190,19.9,0.606,0.05,0.47,8.9,22.8,15.9,15.8,0.9,1.7,16.3,25.3,4,2.6,6.6,0.145,0.6,0,0.6,1.4
422,Zach Randolph\randoza01,PF,36,SAC,59,1508,17.3,0.529,0.193,0.14,7,23.7,15,14.9,1.4,0.6,12.5,27.6,0.3,1.2,1.5,0.048,0.5,-1.5,-1,0.4
423,Xavier Rathan-Mayes\rathaxa01,SG,23,MEM,5,118,0.9,0.315,0.333,0.214,0,5,2.5,23,2.6,2.4,19.3,21.7,-0.5,0.1,-0.4,-0.171,-9.9,-1.6,-11.5,-0.3
424,J.J. Redick\redicjj01,SG,33,PHI,70,2116,15.9,0.614,0.523,0.248,0.5,8.3,4.5,15.1,0.8,0.2,9.6,21.7,4.8,1.8,6.6,0.15,2.2,-1.1,1.1,1.7
425,Davon Reed\reedda01,SG,22,PHO,21,242,4.8,0.388,0.5,0.158,0.9,16.6,8.6,7.6,2,0.7,11,16,-0.5,0.2,-0.3,-0.06,-5.8,-0.6,-6.4,-0.3
426,Willie Reed\reedwi02,C,27,TOT,42,428,19.2,0.671,0.017,0.455,9.1,21.8,15.5,3.6,1,4.3,11.6,16.6,1,0.5,1.5,0.172,0.5,0.3,0.8,0.3
426,Willie Reed\reedwi02,C,27,LAC,39,419,19.4,0.669,0.017,0.458,9.3,22,15.7,3.3,1,4.4,11.6,16.8,1,0.5,1.5,0.171,0.6,0.2,0.8,0.3
426,Willie Reed\reedwi02,C,27,DET,3,9,8.8,1,0,0,0,12.5,6.1,15.9,0,0,0,4.9,0,0,0,0.187,-5.3,2.6,-2.7,0
427,Josh Richardson\richajo01,SF,24,MIA,81,2689,13.6,0.551,0.38,0.16,2.9,9,6,13.2,2.3,2.4,12.9,18.2,1.8,3.5,5.4,0.096,-0.6,1.3,0.7,1.8
428,Malachi Richardson\richama01,SG,22,TOT,26,324,5.9,0.446,0.444,0.244,1.7,10.6,6,5.6,1.6,0.3,9.1,15.2,-0.2,0.1,-0.1,-0.015,-5,-1,-6,-0.3
428,Malachi Richardson\richama01,SG,22,SAC,25,319,5.8,0.445,0.443,0.25,1.7,10.4,5.9,5.7,1.6,0.3,9.3,15.2,-0.2,0.1,-0.1,-0.016,-5,-1,-6,-0.3
428,Malachi Richardson\richama01,SG,22,TOR,1,5,10.5,0.5,0.5,0,0,22,11.2,0,0,0,0,17.5,0,0,0,0.045,-5.6,-3,-8.6,0
429,Austin Rivers\riverau01,SG,25,LAC,61,2057,12.6,0.526,0.447,0.198,1.5,6.2,3.9,17.5,1.7,0.6,11.1,20.6,1.4,1,2.4,0.056,-0.3,-0.9,-1.2,0.4
430,Andre Roberson\roberan03,SG,26,OKC,39,1037,10.9,0.543,0.222,0.235,7.8,12.2,9.9,6,2.2,3.1,14.4,8.6,0.8,1.3,2.2,0.1,-1.9,1.8,-0.1,0.5
431,Devin Robinson\robinde01,SF,22,WAS,1,13,10.5,0.333,0,0,17.4,26,21.7,0,3.8,0,0,10.2,0,0,0,0.098,-4.2,2.1,-2.1,0
432,Glenn Robinson III\robingl02,SF,24,IND,23,338,10.8,0.529,0.4,0.129,3.7,8.6,6.2,6.8,1.9,0.3,5.3,12.5,0.4,0.3,0.6,0.088,-1.2,0.4,-0.7,0.1
433,Rajon Rondo\rondora01,PG,31,NOP,65,1705,15.3,0.522,0.304,0.093,2,14.2,8.4,42.2,2,0.5,22.7,16.9,1.9,1.7,3.6,0.101,0,-0.4,-0.3,0.7
434,Derrick Rose\rosede01,PG,29,TOT,25,420,11.5,0.507,0.161,0.247,3.5,5.8,4.7,13.6,0.8,0.8,14.5,25.4,-0.2,0.1,-0.2,-0.018,-2.1,-3.3,-5.4,-0.4
434,Derrick Rose\rosede01,PG,29,CLE,16,308,11.6,0.523,0.182,0.311,3.7,6.8,5.3,13,0.5,1.1,15.7,25.6,-0.1,0,-0.1,-0.014,-1.8,-3.5,-5.4,-0.3
434,Derrick Rose\rosede01,PG,29,MIN,9,112,11.2,0.463,0.111,0.093,3.1,3.1,3.1,15.2,1.8,0,11.1,25,-0.1,0,-0.1,-0.029,-2.9,-2.6,-5.5,-0.1
435,Terrence Ross\rosste01,SG,26,ORL,24,600,9.9,0.505,0.487,0.188,1.8,11.6,6.7,9.3,2.2,1.5,12.3,17.3,-0.2,0.5,0.3,0.025,-2.8,0.1,-2.7,-0.1
436,Terry Rozier\roziete01,PG,23,BOS,80,2068,15.1,0.52,0.503,0.186,3.4,16.3,9.9,17.5,1.9,0.8,8.5,20.4,2.2,3.4,5.6,0.13,0.9,1.2,2.1,2.1
437,Ricky Rubio\rubiori01,PG,27,UTA,77,2254,15.4,0.537,0.33,0.307,2.2,15.3,8.8,28.4,2.7,0.4,18.1,22.9,1.5,3.8,5.3,0.112,-0.7,1.5,0.7,1.6
438,D'Angelo Russell\russeda01,PG,21,BRK,48,1234,15.2,0.509,0.414,0.195,2.6,13.8,8.1,35.7,1.4,1,16.8,30.8,-0.5,0.9,0.4,0.014,0.8,-2,-1.2,0.3
439,Domantas Sabonis\sabondo01,C,21,IND,74,1810,17.5,0.567,0.056,0.339,10.4,25.2,17.8,12.7,1.1,1.6,15.3,22.1,2.5,2.2,4.7,0.126,-0.6,-0.5,-1.1,0.4
440,JaKarr Sampson\sampsja02,SF,24,SAC,22,344,13.9,0.585,0.123,0.198,6.7,19.7,12.9,3.9,1.2,6.1,8.3,12.5,0.4,0.4,0.8,0.114,-2.3,1.1,-1.2,0.1
441,Dario Šarić\saricda01,PF,23,PHI,78,2310,15.8,0.582,0.448,0.233,7.5,16.4,12.1,13,1.1,0.7,13.1,20.9,3.8,2.8,6.6,0.137,1.8,-0.5,1.3,1.9
442,Tomáš Satoranský\satorto01,SG,26,WAS,73,1643,15.4,0.615,0.263,0.25,5,11.1,8,24.8,1.6,0.8,16.3,13.7,3.7,1.3,5,0.145,0.8,0.5,1.2,1.3
443,Dennis Schröder\schrode01,PG,24,ATL,67,2078,17.3,0.515,0.229,0.231,2.4,8.8,5.6,36.2,1.7,0.2,12.7,30.4,1.5,1,2.6,0.059,1.2,-1.9,-0.6,0.7
444,Mike Scott\scottmi01,PF,29,WAS,76,1406,13.6,0.599,0.311,0.145,4,15.8,9.9,9.1,0.8,0.6,12.4,20,1.4,1,2.5,0.085,-0.6,-1.1,-1.7,0.1
445,Thabo Sefolosha\sefolth01,SF,33,UTA,38,806,15.8,0.591,0.35,0.225,4.1,18.4,11.3,6.3,3.2,1.3,10.2,16.4,1,1.6,2.6,0.156,0.2,2.5,2.7,0.9
446,Wayne Selden\seldewa01,SG,23,MEM,35,692,11.8,0.551,0.454,0.219,2.6,6.8,4.7,16,1.3,0.7,15.5,22.6,0.1,0.2,0.3,0.023,-0.9,-2.2,-3.1,-0.2
447,Ramon Sessions\sessira01,PG,31,TOT,28,392,11.2,0.479,0.222,0.487,1.7,9.1,5.4,27.2,1.8,0.4,17.4,19.3,0.1,0.3,0.3,0.039,-2.3,-0.9,-3.2,-0.1
447,Ramon Sessions\sessira01,PG,31,NYK,13,167,6.2,0.403,0.208,0.283,0.7,11.2,6,21.9,2.1,0.5,20.1,19.5,-0.3,0.1,-0.2,-0.065,-5.3,0,-5.4,-0.1
447,Ramon Sessions\sessira01,PG,31,WAS,15,225,14.9,0.533,0.234,0.656,2.5,7.5,5,31.1,1.5,0.4,15.4,19.1,0.4,0.1,0.5,0.116,-0.1,-1.5,-1.6,0
448,Iman Shumpert\shumpim01,SG,27,CLE,14,276,6.4,0.48,0.448,0.259,2.9,13.6,8.3,8.1,1.6,1.2,19.9,12.9,-0.2,0.2,0,-0.006,-3.4,0,-3.3,-0.1
449,Pascal Siakam\siakapa01,PF,23,TOR,81,1679,14.5,0.549,0.265,0.175,5.4,18.6,12.1,13.5,1.8,2,11.1,15.7,2.1,2.5,4.7,0.133,-0.3,1.6,1.3,1.4
450,Xavier Silas\silasxa01,SG,30,BOS,2,7,-4.9,0,0.667,0,15.8,15.4,15.6,0,7.1,0,0,19.1,-0.1,0,0,-0.25,-11.7,3.5,-8.1,0
451,Ben Simmons\simmobe01,PG,21,PHI,81,2732,20,0.557,0.011,0.342,5.9,19.5,13,37.4,2.5,2.1,19.5,22.3,4.2,5,9.2,0.162,2,2.5,4.5,4.5
452,Jonathon Simmons\simmojo02,SG,28,ORL,69,2029,12.7,0.555,0.268,0.317,3.3,9.7,6.5,13.3,1.4,0.6,14.4,22,0.8,1.1,1.9,0.045,-1.7,-1.3,-3.1,-0.5
453,Kobi Simmons\simmoko01,PG,20,MEM,32,643,7.7,0.49,0.206,0.132,2.5,6.6,4.5,16.5,1.4,0.7,18,17,-0.4,0.2,-0.2,-0.013,-4.7,-2.1,-6.9,-0.8
454,Kyle Singler\singlky01,SF,29,OKC,12,59,5.9,0.43,0.238,0.619,1.8,17.5,9.4,4.8,0.8,0,10.1,21.6,-0.1,0,0,-0.031,-5,-1.6,-6.7,-0.1
455,Marcus Smart\smartma01,SG,23,BOS,54,1614,10.8,0.479,0.483,0.258,3,9.8,6.4,23.7,2.2,1.2,18.4,19.4,-0.6,2.5,1.9,0.056,-2.1,1,-1.2,0.3
456,Dennis Smith Jr.\smithde03,PG,20,DAL,69,2049,12.8,0.473,0.331,0.188,2.6,11.8,7,29.5,1.7,0.8,14.9,28.9,-2.4,1.7,-0.7,-0.017,-1.2,-1.2,-2.4,-0.2
457,Ish Smith\smithis01,PG,29,DET,82,2043,15.4,0.525,0.126,0.145,1.4,10.9,6.1,28.4,1.6,0.9,11.2,20.8,2.4,2,4.4,0.102,-0.3,0.3,0,1
458,J.R. Smith\smithjr01,SG,32,CLE,80,2244,8.4,0.534,0.64,0.094,1.5,10.1,5.9,8.6,1.5,0.4,11.6,13.8,0.6,0.9,1.4,0.031,-2.1,-0.9,-3,-0.6
459,Jason Smith\smithja02,C,31,WAS,33,285,8.8,0.455,0.278,0.183,7.2,13.9,10.5,7.4,0.5,4,11.4,21.7,-0.2,0.3,0,0.003,-5.4,-1,-6.4,-0.3
460,Josh Smith\smithjo03,PF,32,NOP,3,12,3.5,0.25,0,0,28.1,8.7,18.1,0,0,0,0,14.4,0,0,0,-0.013,-8.4,-6.2,-14.6,0
461,Tony Snell\snellto01,SG,26,MIL,75,2053,8.5,0.578,0.631,0.113,0.5,7.5,4,6.5,1.1,1.2,7.5,10.6,1.6,0.7,2.4,0.056,-1.5,-0.8,-2.3,-0.1
462,Marreese Speights\speigma01,C,30,ORL,52,675,13.7,0.539,0.668,0.158,3.4,18.4,10.8,9.8,0.6,2.6,9.7,26.9,0.1,0.5,0.6,0.045,0.2,-1.4,-1.1,0.1
463,Nik Stauskas\stausni01,SG,24,TOT,41,523,9,0.543,0.649,0.188,0.8,12.3,6.5,11.1,0.8,0.6,13.5,15.9,0.1,0.3,0.3,0.031,-1.3,-1,-2.3,-0.1
463,Nik Stauskas\stausni01,SG,24,PHI,6,45,0.9,0.41,0.25,0.5,0,2.3,1.2,2.7,4.3,0,45,8.4,-0.1,0.1,0,-0.044,-8.2,2.3,-5.9,0
463,Nik Stauskas\stausni01,SG,24,BRK,35,478,9.8,0.547,0.66,0.18,0.9,13.2,7,11.9,0.5,0.6,12,16.7,0.2,0.2,0.4,0.038,-0.6,-1.3,-2,0
464,Lance Stephenson\stephla01,SG,27,IND,82,1850,12.4,0.495,0.327,0.179,3.8,22,12.9,18.6,1.2,0.8,14.6,21.6,-0.2,2,1.8,0.046,-1.5,-0.3,-1.8,0.1
465,David Stockton\stockda01,PG,26,UTA,3,9,33.9,1.05,1,1.333,0,0,0,0,0,0,17.4,28.8,0.1,0,0.1,0.459,6.7,1.1,7.9,0
466,Julyan Stone\stoneju01,SG,29,CHO,23,175,7.6,0.684,1,0.154,0.6,17.6,9,19.2,1.1,1,33.5,5.2,0.2,0.2,0.3,0.087,-3.2,1.9,-1.3,0
467,Edmond Sumner\sumneed01,PG,22,IND,1,2,39.8,1,0,0,0,56.1,28.2,0,0,0,0,22.3,0,0,0,0.425,-2.4,9.3,6.9,0
468,Caleb Swanigan\swanica01,PF,20,POR,27,189,7.5,0.449,0.133,0.3,8.7,22.3,15.6,10.8,1.3,1.3,20.9,20,-0.3,0.3,0,-0.003,-6.6,1.2,-5.5,-0.2
469,Jayson Tatum\tatumja01,SF,19,BOS,80,2443,15.2,0.586,0.29,0.309,2.3,15.6,9,8.3,1.7,2,10.7,19.4,3,4,7.1,0.139,0,1.2,1.2,2
470,Isaiah Taylor\taylois01,PG,23,ATL,67,1167,10.9,0.492,0.205,0.362,2.1,6.9,4.5,27,1.4,0.7,15.7,20.1,0.2,0.5,0.6,0.027,-3.1,-1.3,-4.4,-0.7
471,Jeff Teague\teaguje01,PG,29,MIN,70,2311,16.4,0.553,0.287,0.301,1.2,9.3,5.2,30.6,2.2,0.9,16.4,20.6,3.4,1.4,4.9,0.101,1.1,-0.7,0.4,1.4
472,Marquis Teague\teaguma01,PG,24,MEM,3,74,5.7,0.302,0.25,0.313,1.5,8,4.7,24.7,2.7,0,14.2,12.9,-0.1,0,-0.1,-0.038,-5.4,-0.4,-5.7,-0.1
473,Mirza Teletović\teletmi01,PF,32,MIL,10,159,13.5,0.623,0.789,0,2.2,14.7,8.5,9.5,1.3,0.5,10.9,18.2,0.2,0.1,0.3,0.09,2.1,-1.7,0.4,0.1
474,Garrett Temple\templga01,SG,31,SAC,65,1615,10.2,0.536,0.477,0.164,1.5,9.6,5.4,11.3,1.8,1.6,13.4,16.4,0.3,0.9,1.2,0.035,-2.2,-0.3,-2.5,-0.2
475,Miloš Teodosić\teodomi01,PG,30,LAC,45,1134,11.6,0.564,0.644,0.128,1.6,10.5,6.1,26.2,1,0.4,20.3,18.2,0.9,0.5,1.4,0.058,-0.3,-1.5,-1.7,0.1
476,Jason Terry\terryja01,SG,40,MIL,51,814,8.1,0.525,0.747,0.058,0.7,6.2,3.5,9.7,2.6,1.4,13.7,10.1,0.1,0.6,0.7,0.042,-2.6,0.6,-2,0
477,Daniel Theis\theisda01,C,25,BOS,63,936,16.1,0.616,0.249,0.348,10.7,21.2,16,9.1,1.6,4.3,17.2,15.5,1.6,1.9,3.5,0.178,-2,2.3,0.3,0.5
478,Isaiah Thomas\thomais02,PG,28,TOT,32,862,12.6,0.508,0.447,0.311,2.2,6.3,4.2,27.1,0.8,0.3,16.6,28.8,-0.1,0.3,0.2,0.009,-0.9,-3.9,-4.9,-0.6
478,Isaiah Thomas\thomais02,PG,28,CLE,15,406,12.3,0.493,0.448,0.351,2,6.5,4.3,25.1,1.1,0.4,15.5,28.9,-0.1,0.1,-0.1,-0.008,-1.2,-3.6,-4.8,-0.3
478,Isaiah Thomas\thomais02,PG,28,LAL,17,456,12.8,0.52,0.445,0.278,2.4,6,4.2,28.8,0.6,0.2,17.5,28.7,0,0.2,0.2,0.024,-0.7,-4.2,-4.9,-0.3
479,Lance Thomas\thomala01,PF,29,NYK,73,1353,6.3,0.513,0.464,0.199,3.6,10.7,7.2,4.2,1.1,0.9,12.1,10.7,0.3,0.6,0.9,0.031,-3.2,-0.5,-3.7,-0.6
480,Klay Thompson\thompkl01,SG,27,GSW,73,2506,16,0.598,0.442,0.083,1.5,10.3,6.2,11.2,1.1,1.1,9.5,23.7,3.1,1.8,4.9,0.094,1.7,-2.1,-0.4,1
481,Tristan Thompson\thomptr01,C,26,CLE,53,1072,13.6,0.569,0,0.336,13.4,23.3,18.4,4.3,0.7,1.3,11.8,12.6,1.8,0.7,2.5,0.113,-1,-1.9,-2.9,-0.2
482,Sindarius Thornwell\thornsi01,SG,23,LAC,73,1156,8.2,0.519,0.262,0.378,3.2,10,6.7,7.8,2,1.8,16.3,12.1,0.1,0.9,1,0.041,-3.4,1,-2.4,-0.1
483,Anthony Tolliver\tollian01,PF,32,DET,79,1757,13.9,0.663,0.773,0.282,3.1,12.3,7.6,7.5,0.9,1.1,9.9,14.8,3.8,1.5,5.3,0.146,1.2,-0.3,0.9,1.3
484,Karl-Anthony Towns\townska01,C,22,MIN,82,2918,24.9,0.646,0.243,0.343,9.3,30.9,20,10.8,1.1,3.5,10.5,22.9,10.6,3.4,14,0.23,4.9,0.2,5.1,5.2
485,P.J. Tucker\tuckepj01,PF,32,HOU,82,2281,8.3,0.537,0.703,0.136,4.6,17.8,11.3,4.6,1.7,1,13.7,10.5,1,3,3.9,0.082,-1.9,0.8,-1.1,0.5
486,Evan Turner\turneev01,SF,29,POR,79,2034,9.9,0.52,0.229,0.185,1.6,11.4,6.5,12.4,1.1,1.2,13.7,15.6,0.5,2.1,2.6,0.061,-2.9,0.4,-2.5,-0.3
487,Myles Turner\turnemy01,C,21,IND,65,1836,16.6,0.567,0.246,0.322,5.8,19.8,12.8,7,1,5.7,11.6,20,2.2,2.5,4.7,0.122,-0.6,0.4,-0.2,0.8
488,Ekpe Udoh\udohek01,C,30,UTA,63,810,15.2,0.56,0.008,0.467,9.6,11.4,10.5,9.1,2.7,7.7,12.1,9.1,1.3,1.8,3.2,0.187,-1.3,4.4,3.1,1.1
489,Tyler Ulis\ulisty01,PG,22,PHO,71,1658,10.1,0.465,0.265,0.183,1.5,6.8,4.1,28,2,0.3,17.6,18.5,-0.7,0.5,-0.2,-0.006,-3,-1.4,-4.4,-1
490,Jonas Valančiūnas\valanjo01,C,25,TOR,77,1727,22.5,0.628,0.108,0.307,12.1,30.3,21.4,7.5,0.8,3.2,12.9,22.7,4.6,3,7.6,0.21,2.4,0,2.4,1.9
491,Denzel Valentine\valende01,SG,24,CHI,77,2095,12.1,0.527,0.513,0.071,2.4,18.3,10.1,17.8,1.5,0.5,11.8,17.5,1,1.5,2.5,0.057,-1,0,-1,0.5
492,Fred VanVleet\vanvlfr01,PG,23,TOR,76,1520,15.9,0.556,0.479,0.185,1.9,11.5,6.8,22.8,2.2,1,11.2,19.1,2.7,2,4.7,0.149,1.4,1,2.4,1.7
493,Rashad Vaughn\vaughra01,SG,21,TOT,28,212,9.3,0.546,0.661,0.107,1.6,9.8,5.7,8.7,1.2,1.2,9.3,13.7,0.1,0.1,0.2,0.05,-1.3,-1.4,-2.6,0
493,Rashad Vaughn\vaughra01,SG,21,MIL,22,173,11.1,0.56,0.7,0.12,1.4,10.1,5.8,9.9,1.2,1.5,7.1,14.8,0.2,0.1,0.3,0.073,-0.1,-1.2,-1.3,0
493,Rashad Vaughn\vaughra01,SG,21,BRK,1,4,4.1,,,,0,0,0,31.7,0,0,,0,0,0,0,0.106,-5,-0.2,-5.3,0
493,Rashad Vaughn\vaughra01,SG,21,ORL,5,35,1.1,0.417,0.333,0,3.1,9.5,6.3,0,1.4,0,25,10.1,-0.1,0,-0.1,-0.07,-6.8,-2.2,-9,-0.1
494,Noah Vonleh\vonleno01,PF,22,TOT,54,875,12.8,0.509,0.282,0.248,8.5,30.2,19.2,5.7,1.1,1.6,10.7,14.5,0.5,1.2,1.6,0.09,-1.1,-0.2,-1.3,0.2
494,Noah Vonleh\vonleno01,PF,22,POR,33,476,12,0.543,0.063,0.323,8.1,30,19.1,3.8,0.6,1.9,12,11.5,0.4,0.7,1.2,0.117,-1.5,0.6,-0.9,0.1
494,Noah Vonleh\vonleno01,PF,22,CHI,21,399,13.9,0.484,0.435,0.196,9.1,30.4,19.3,8,1.6,1.3,9.6,18.1,0,0.4,0.5,0.059,-0.6,-1.2,-1.7,0
495,Nikola Vučević\vucevni01,C,27,ORL,57,1683,19.7,0.533,0.243,0.112,6.6,27.8,17.1,19.9,1.6,3,11,25.9,1.3,2.3,3.6,0.102,1.7,1,2.7,2
496,Dwyane Wade\wadedw01,SG,36,TOT,67,1536,15,0.5,0.163,0.277,3.7,14.6,9.2,23.5,2,2.6,15.5,26.2,-0.4,1.6,1.1,0.036,-0.9,-0.1,-1,0.4
496,Dwyane Wade\wadedw01,SG,36,CLE,46,1069,15.9,0.519,0.161,0.308,4.2,14.7,9.5,23.3,1.9,2.5,15.7,24.3,0.4,0.9,1.3,0.057,-0.1,-0.1,-0.2,0.5
496,Dwyane Wade\wadedw01,SG,36,MIA,21,467,13.1,0.465,0.166,0.223,2.6,14.4,8.5,23.9,2,2.7,15,30.7,-0.8,0.7,-0.1,-0.014,-2.8,0,-2.8,-0.1
497,Dion Waiters\waitedi01,SG,26,MIA,30,918,10.5,0.487,0.415,0.168,1,8.5,4.7,19.8,1.3,0.8,13.7,25,-0.7,0.8,0.1,0.004,-2.1,-1.4,-3.5,-0.4
498,Kemba Walker\walkeke02,PG,27,CHO,80,2736,20.6,0.572,0.441,0.308,1.2,8.7,4.9,27.4,1.6,0.7,10.4,27.4,6.5,2,8.6,0.15,4.7,-0.7,4,4.2
499,John Wall\walljo01,PG,27,WAS,41,1410,19.1,0.515,0.25,0.361,1.8,10.2,6,44.5,2,2.8,17,29.1,1.2,1.5,2.7,0.092,3.5,-0.5,3,1.8
500,Tyrone Wallace\wallaty01,PG,23,LAC,30,851,10.1,0.517,0.162,0.316,2.7,10.7,6.8,11.8,1.5,1.3,14.1,16.6,0.2,0.5,0.7,0.042,-3.1,-0.4,-3.5,-0.3
501,Derrick Walton\waltode01,PG,22,MIA,16,147,11.2,0.525,0.68,0.24,1.5,10.7,6.1,14.6,2.4,1.7,6.7,9.1,0.2,0.2,0.4,0.128,-1.1,2.4,1.3,0.1
502,Jameel Warney\warneja01,PF,24,DAL,3,27,22.5,0.599,0,0.417,15.9,21.3,18.5,0,0,0,6.6,25.6,0.1,0,0.1,0.157,2.5,-2.7,-0.2,0
503,T.J. Warren\warretj01,SF,24,PHO,65,2142,17.6,0.541,0.085,0.24,6.1,10.5,8.3,7.2,1.5,1.5,6.7,24.9,2.6,0.8,3.4,0.077,0.8,-1.6,-0.7,0.7
504,Travis Wear\weartr01,SF,27,LAL,17,228,6.9,0.497,0.653,0.111,0,17.6,8.9,4.2,0.8,1.8,7.4,15.2,0,0.2,0.2,0.042,-3.7,0,-3.7,-0.1
505,James Webb III\webbja01,SF,24,BRK,10,120,2.2,0.333,0.792,0,7,14.3,10.6,4.5,0.4,0,14.3,10.1,-0.1,0,-0.1,-0.041,-5.5,-2.8,-8.3,-0.2
506,Briante Weber\weberbr01,PG,25,TOT,18,237,10.1,0.527,0.256,0.233,3.8,13.1,8.4,13.1,3.8,1.9,24,11.7,0,0.4,0.4,0.072,-4.1,2.8,-1.3,0
506,Briante Weber\weberbr01,PG,25,HOU,13,118,11.1,0.547,0.409,0.182,2.9,14.2,8.6,15.2,4.2,2.2,22.8,11.5,0.1,0.2,0.3,0.119,-3.1,4.6,1.5,0.1
506,Briante Weber\weberbr01,PG,25,MEM,5,119,9.2,0.508,0.095,0.286,4.8,11.9,8.3,11.1,3.4,1.6,25.3,11.9,-0.1,0.1,0.1,0.024,-5,1,-4,-0.1
507,David West\westda01,C,37,GSW,73,999,20.9,0.6,0.021,0.209,7.7,18.2,13.3,20.5,2.3,5.9,16.2,21.7,1.8,1.7,3.5,0.168,0.7,2.5,3.1,1.3
508,Russell Westbrook\westbru01,PG,29,OKC,80,2914,24.7,0.524,0.193,0.336,5.6,25.7,15.3,49.8,2.5,0.6,16.4,34.1,5.5,4.5,10.1,0.166,4.8,1.5,6.3,6.1
509,Andrew White\whitean01,SF,24,ATL,15,209,5.8,0.461,0.671,0.055,2.1,16,9.1,4.3,0.7,0.4,9.7,17.3,-0.2,0.1,-0.1,-0.034,-3.4,-2.1,-5.5,-0.2
510,Derrick White\whitede01,PG,23,SAS,17,139,15.9,0.646,0.394,0.606,4,16.9,10.4,9.3,1.5,1.8,12.6,15.4,0.3,0.2,0.5,0.17,0.8,1.5,2.3,0.2
511,Okaro White\whiteok01,PF,25,MIA,6,80,8.9,0.577,0.688,0.188,4.2,11.2,7.7,3.5,0.6,1.1,5.5,10.3,0.1,0.1,0.2,0.096,-1,0.3,-0.7,0
512,Isaiah Whitehead\whiteis01,PG,22,BRK,16,180,11.5,0.53,0.209,0.221,2.3,13.1,7.7,19.6,2.2,0.8,20.3,28.5,-0.3,0.2,-0.1,-0.035,-3.4,-0.4,-3.8,-0.1
513,Hassan Whiteside\whiteha01,C,28,MIA,54,1364,24.1,0.573,0.003,0.315,14.3,36.6,25.4,6.9,1.4,5.9,12.3,24.7,2.3,3,5.3,0.187,1.5,1.1,2.6,1.6
514,Andrew Wiggins\wiggian01,SF,22,MIN,82,2979,13,0.505,0.26,0.242,3.1,10.8,6.9,8.2,1.5,1.5,8.8,23.4,0.5,1.6,2.1,0.034,-0.8,-1.7,-2.4,-0.3
515,Jacob Wiley\wileyja01,PF,23,BRK,5,33,8.2,0.41,0.5,0.5,6.4,29.2,17.7,8,1.5,0,0,6.4,0,0,0.1,0.094,-3.6,1.4,-2.3,0
516,Damien Wilkins\wilkida02,SF,38,IND,19,152,4.9,0.405,0.462,0.103,3.7,8.1,5.9,7.8,0.7,0.6,10.9,13.4,-0.1,0.1,-0.1,-0.019,-4.2,-1.9,-6.1,-0.2
517,Alan Williams\willial03,PF,25,PHO,5,70,9.3,0.455,0,0.5,4.5,29.5,16.8,16.3,3.4,1.2,24.2,17.5,-0.1,0.1,0,-0.004,-7.3,2.3,-5,-0.1
518,C.J. Williams\willicj01,SG,27,LAC,38,707,9.5,0.512,0.396,0.081,1.9,6.7,4.4,8.5,2.1,1.5,8.9,13.7,0.3,0.5,0.7,0.051,-2.8,0.7,-2.1,0
519,Derrick Williams\willide02,PF,26,LAL,2,9,-3.2,0.25,0.5,0,0,11.7,5.9,0,0,0,0,18.9,0,0,0,-0.191,-9.8,-7,-16.8,0
520,Lou Williams\willilo02,SG,31,LAC,79,2589,20.2,0.574,0.387,0.367,1.7,6.6,4.2,26.3,1.6,0.6,13.1,29.8,5.5,1.2,6.7,0.125,4.2,-1.8,2.3,2.8
521,Marvin Williams\willima02,PF,31,CHO,78,2006,13.9,0.603,0.542,0.218,3.9,16.2,10,7,1.4,1.6,9.7,14.8,3.1,1.9,5,0.119,0.6,0.3,1,1.5
522,Matt Williams\willima05,SG,24,MIA,3,11,-0.7,0.417,0.833,0,0,10.2,5.1,0,0,0,14.3,28.6,-0.1,0,0,-0.197,-7,-4.2,-11.2,0
523,Troy Williams\willitr02,SF,23,TOT,21,307,15.1,0.544,0.349,0.275,8,14.8,11.4,7.7,3.2,1.1,13.5,20.1,0.2,0.4,0.5,0.085,-1,0.5,-0.5,0.1
523,Troy Williams\willitr02,SF,23,HOU,4,17,-2.4,0.242,0.556,0.333,6.7,19.7,13.3,8.6,2.9,0,8.8,29.4,-0.1,0,-0.1,-0.26,-12.4,-3.3,-15.7,-0.1
523,Troy Williams\willitr02,SF,23,NYK,17,290,16.2,0.572,0.33,0.27,8.1,14.5,11.3,7.7,3.2,1.2,13.9,19.6,0.3,0.3,0.6,0.105,-0.3,0.7,0.4,0.2
524,D.J. Wilson\wilsodj01,PF,21,MIL,22,71,10.3,0.622,0.313,0.125,3.3,13.2,8.3,6.1,2.1,1.2,19.2,13.3,0,0.1,0.1,0.054,-2,0,-2,0
525,Jamil Wilson\wilsoja02,SF,27,LAC,15,274,11.4,0.634,0.778,0.049,1.2,11.5,6.4,5.2,0.9,2.4,8.8,14.3,0.4,0.2,0.5,0.096,0,0.2,0.2,0.2
526,Justise Winslow\winslju01,PF,21,MIA,68,1680,11.5,0.496,0.264,0.213,4.3,20.5,12.4,13,1.6,1.7,12.6,16.3,0.2,2.4,2.6,0.075,-2.2,1.1,-1.1,0.4
527,Jeff Withey\witheje01,C,27,DAL,9,39,8.3,0.444,0.625,0.125,2.8,26.6,14.2,0,0,6.8,10.6,22,-0.1,0.1,0,-0.054,-4.4,-0.6,-5,0
528,Nate Wolters\woltena01,PG,26,UTA,5,19,-2.9,0.167,0,0,6,5.9,6,7.1,0,0,0,14.2,-0.1,0,-0.1,-0.137,-9.4,-3.4,-12.8,-0.1
529,Brandan Wright\wrighbr03,PF,30,TOT,28,381,19,0.596,0,0.324,9.8,19.3,14.4,5.6,1.7,6.4,6.4,14.7,0.8,0.5,1.3,0.163,1.1,1,2.1,0.4
529,Brandan Wright\wrighbr03,PF,30,MEM,27,366,19.3,0.595,0,0.333,9.9,19.7,14.7,5.8,1.8,6.4,6.6,14.9,0.8,0.5,1.2,0.163,1.2,1,2.3,0.4
529,Brandan Wright\wrighbr03,PF,30,HOU,1,15,11.3,0.667,0,0,7.6,7.5,7.5,0,0,5.7,0,8.8,0,0,0,0.157,-1.5,0.3,-1.2,0
530,Delon Wright\wrighde01,PG,25,TOR,69,1433,16.5,0.574,0.354,0.271,3.6,11.7,7.7,19.6,2.5,1.8,13.9,17.2,2.5,2.1,4.5,0.152,1.4,1.8,3.3,1.9
531,Guerschon Yabusele\yabusgu01,PF,22,BOS,33,235,12.3,0.559,0.607,0.361,8,16.1,12.1,10,0.9,1.8,14.5,15.7,0.3,0.3,0.6,0.122,-1.4,0.2,-1.2,0
532,James Young\youngja01,SG,22,PHI,6,61,4.6,0.511,0.714,0.429,0,3.4,1.8,4.3,0,0,5.7,12.3,0,0,0.1,0.041,-4.5,-2.4,-6.9,-0.1
533,Joe Young\youngjo01,PG,25,IND,53,558,10.1,0.521,0.355,0.156,2.4,10.3,6.4,9.9,1.3,0.2,11.6,18,0.1,0.4,0.5,0.043,-2.3,-1.2,-3.5,-0.2
534,Nick Young\youngni01,SG,32,GSW,80,1393,10,0.562,0.668,0.133,1.7,7.9,5,3.5,1.3,0.4,7,17.5,0.8,0.9,1.7,0.059,-1.6,-1.9,-3.5,-0.5
535,Thaddeus Young\youngth01,PF,29,IND,81,2607,14.8,0.528,0.209,0.106,8,14.1,11.1,8.5,2.6,1.2,10.4,17.3,2.3,3.2,5.5,0.101,-0.2,0.4,0.2,1.4
536,Cody Zeller\zelleco01,C,25,CHO,33,627,15.9,0.602,0.019,0.545,11.4,19.3,15.3,7.4,1.1,2.8,14.6,15.7,1.2,0.7,1.9,0.145,-1.2,0,-1.2,0.1
537,Tyler Zeller\zellety01,C,28,TOT,66,1109,16,0.598,0.084,0.237,11,19.4,15.2,6.7,0.7,2.5,11.3,16.4,2,0.9,2.9,0.126,-0.5,-0.9,-1.4,0.2
537,Tyler Zeller\zellety01,C,28,BRK,42,703,15.3,0.587,0.114,0.262,9.4,20,14.7,6.5,0.6,2.2,12.1,17.9,1,0.6,1.5,0.105,-0.7,-0.4,-1,0.2
537,Tyler Zeller\zellety01,C,28,MIL,24,406,17.1,0.622,0.019,0.181,13.6,18.4,16,7,0.9,2.9,9.6,13.9,1.1,0.3,1.4,0.163,-0.3,-1.8,-2.1,0
538,Paul Zipser\zipsepa01,SF,23,CHI,54,824,5.2,0.445,0.47,0.107,1.6,16,8.5,8,1.2,1.6,14.9,15.2,-1.1,0.6,-0.6,-0.034,-5.5,-0.5,-6.1,-0.8
539,Ante Žižić\zizican01,C,21,CLE,32,214,24.2,0.746,0,0.433,12.8,18.6,15.7,3.8,0.5,5.2,12.1,18.8,0.9,0.2,1,0.231,1.9,-0.9,1,0.2
540,Ivica Zubac\zubaciv01,C,20,LAL,43,410,15.3,0.557,0.008,0.418,11.8,20.1,16,8.8,0.9,3,15.3,17.6,0.5,0.5,1,0.118,-1.8,-0.3,-2,0
